--------- beginning of main
06-08 13:22:51.255  1730  1730 I adbd    : adbd service requested 'shell,v2,raw:monkey -p com.alexdiaz.scriptcue -c android.intent.category.LAUNCHER 1'
06-08 13:22:51.522 12375 12375 D AndroidRuntime: >>>>>> START com.android.internal.os.RuntimeInit uid 2000 <<<<<<
06-08 13:22:51.535 12375 12375 I AndroidRuntime: Using default boot image
06-08 13:22:51.535 12375 12375 I AndroidRuntime: Leaving lock profiling enabled
06-08 13:22:51.538 12375 12375 I app_process: Using generational CollectorTypeCMC GC.
--------- beginning of system
06-08 13:22:51.545   667   765 D ActivityManager: freezing 1104 com.google.android.permissioncontroller
06-08 13:22:51.546   667  1014 D InetDiagMessage: Destroyed 0 sockets, proto=IPPROTO_TCP, family=AF_INET, states=14
06-08 13:22:51.546   667  1014 D InetDiagMessage: Destroyed 0 sockets, proto=IPPROTO_TCP, family=AF_INET6, states=14
06-08 13:22:51.546   667  1014 D InetDiagMessage: Destroyed live tcp sockets for uids={10205} in 0ms
06-08 13:22:51.596 12375 12375 D nativeloader: InitDefaultPublicLibraries for_preload=1: libandroid.so:libaaudio.so:libamidi.so:libbinder_ndk.so:libc.so:libcamera2ndk.so:libdl.so:libEGL.so:libGLESv1_CM.so:libGLESv2.so:libGLESv3.so:libicu.so:libicui18n.so:libicuuc.so:libjnigraphics.so:liblog.so:libmediandk.so:libm.so:libnativehelper.so:libnativewindow.so:libOpenMAXAL.so:libOpenSLES.so:libRS.so:libstdc++.so:libsync.so:libvulkan.so:libwebviewchromium_plat_support.so:libz.so
06-08 13:22:51.624 12375 12375 D nativeloader: Load libicu_jni.so using APEX ns com_android_art for caller /apex/com.android.art/javalib/core-oj.jar: ok
06-08 13:22:51.624 12375 12375 D app_process: u_setTimeZoneFilesDirectory("/apex/com.android.tzdata/etc/tz/versioned/10/icu") succeeded. 
06-08 13:22:51.624 12375 12375 D app_process: I18n APEX ICU file found: /apex/com.android.i18n/etc/icu/icudt78l.dat
06-08 13:22:51.630 12375 12375 D nativeloader: Load libjavacore.so using APEX ns com_android_art for caller /apex/com.android.art/javalib/core-oj.jar: ok
06-08 13:22:51.632 12375 12375 D nativeloader: Load libopenjdk.so using APEX ns com_android_art for caller /apex/com.android.art/javalib/core-oj.jar: ok
06-08 13:22:51.634 12375 12375 I app_process: Priority-to-niceness mapping: 19, 16, 13, 10, 0, -2, -4, -5, -6, -8
06-08 13:22:51.677 12375 12375 D nativeloader: Load libframework-connectivity-tiramisu-jni.so using APEX ns com_android_tethering for caller /apex/com.android.tethering/javalib/framework-connectivity-t.jar: ok
06-08 13:22:51.677 12375 12375 D AndroidRuntime: Calling main entry com.android.commands.monkey.Monkey
06-08 13:22:51.679 12375 12375 D nativeloader: Load /system/lib64/libmonkey_jni.so using ns default for caller /system/framework/monkey.jar in same partition (is_bridged=0): ok
06-08 13:22:51.679 12375 12375 W Monkey  : args: [-p, com.alexdiaz.scriptcue, -c, android.intent.category.LAUNCHER, 1]
06-08 13:22:51.686 12375 12375 I AconfigPackage: android.media.swcodec.flags is mapped to com.android.media.swcodec
06-08 13:22:51.687 12375 12375 I AconfigPackage: com.android.permission.flags is mapped to com.android.permission
06-08 13:22:51.687 12375 12375 I AconfigPackage: com.android.permissioncontroller.flags is mapped to com.android.permission
06-08 13:22:51.688 12375 12375 I AconfigPackage: com.google.android.widevine.flags is mapped to com.google.android.widevine
06-08 13:22:51.688 12375 12375 I AconfigPackage: com.android.icu is mapped to com.android.i18n
06-08 13:22:51.689 12375 12375 I AconfigPackage: com.android.appsearch.flags is mapped to com.android.appsearch
06-08 13:22:51.690 12375 12375 I AconfigPackage: com.android.uprobestats.flags is mapped to com.android.uprobestats
06-08 13:22:51.690 12375 12375 I AconfigPackage: android.uprobestats.mainline.flags is mapped to com.android.uprobestats
06-08 13:22:51.691 12375 12375 I AconfigPackage: com.android.crashrecovery.flags is mapped to com.android.crashrecovery
06-08 13:22:51.691 12375 12375 I AconfigPackage: android.provider.flags is mapped to com.android.configinfrastructure
06-08 13:22:51.691 12375 12375 I AconfigPackage: com.android.server.deviceconfig is mapped to com.android.configinfrastructure
06-08 13:22:51.692 12375 12375 I AconfigPackage: com.android.art.flags is mapped to com.android.art
06-08 13:22:51.692 12375 12375 I AconfigPackage: com.android.art.rw.flags is mapped to com.android.art
06-08 13:22:51.692 12375 12375 I AconfigPackage: com.android.libcore is mapped to com.android.art
06-08 13:22:51.693 12375 12375 I AconfigPackage: android.telecom.flags is mapped to com.android.telephonycore
06-08 13:22:51.693 12375 12375 I AconfigPackage: com.android.internal.telecom.flags is mapped to com.android.telephonycore
06-08 13:22:51.693 12375 12375 I AconfigPackage: com.android.telephony.flags is mapped to com.android.telephonycore
06-08 13:22:51.694 12375 12375 I AconfigPackage: com.android.media.extractor.flags is mapped to com.android.media
06-08 13:22:51.694 12375 12375 I AconfigPackage: com.android.media.metrics.flags is mapped to com.android.media
06-08 13:22:51.694 12375 12375 I AconfigPackage: com.android.media.mainline.flags is mapped to com.android.media
06-08 13:22:51.695 12375 12375 I AconfigPackage: com.android.wifi.flags is mapped to com.android.wifi
06-08 13:22:51.695 12375 12375 I AconfigPackage: com.android.org.conscrypt.flags is mapped to com.android.conscrypt
06-08 13:22:51.695 12375 12375 I AconfigPackage: com.android.org.conscrypt.net.flags is mapped to com.android.conscrypt
06-08 13:22:51.696 12375 12375 I AconfigPackage: com.android.healthfitness.flags is mapped to com.android.healthfitness
06-08 13:22:51.697 12375 12375 I AconfigPackage: com.android.ipsec.flags is mapped to com.android.ipsec
06-08 13:22:51.697 12375 12375 I AconfigPackage: com.android.nfc.module.flags is mapped to com.android.nfcservices
06-08 13:22:51.697 12375 12375 I AconfigPackage: com.android.nfc.module.nonexported.flags is mapped to com.android.nfcservices
06-08 13:22:51.698 12375 12375 I AconfigPackage: com.android.adservices.ondevicepersonalization.flags is mapped to com.android.ondevicepersonalization
06-08 13:22:51.699 12375 12375 I AconfigPackage: com.android.adbd.flags is mapped to com.android.adbd
06-08 13:22:51.699 12375 12375 I AconfigPackage: com.android.bluetooth.beta.flags is mapped to com.android.bt
06-08 13:22:51.699 12375 12375 I AconfigPackage: com.android.bluetooth.flags is mapped to com.android.bt
06-08 13:22:51.700 12375 12375 I AconfigPackage: com.android.devicelock.flags is mapped to com.android.devicelock
06-08 13:22:51.701 12375 12375 I AconfigPackage: android.os.profiling is mapped to com.android.profiling
06-08 13:22:51.701 12375 12375 I AconfigPackage: android.os.profiling.anomaly.flags is mapped to com.android.profiling
06-08 13:22:51.701 12375 12375 I AconfigPackage: com.android.os.statsd.flags is mapped to com.android.os.statsd
06-08 13:22:51.702 12375 12375 I AconfigPackage: com.android.webapp.flags is mapped to com.android.webapp
06-08 13:22:51.703 12375 12375 I AconfigPackage: com.android.rkpd.flags is mapped to com.android.rkpd
06-08 13:22:51.704 12375 12375 I AconfigPackage: com.android.cellbroadcastreceiver.flags is mapped to com.android.cellbroadcast
06-08 13:22:51.704 12375 12375 I AconfigPackage: com.android.adservices.flags is mapped to com.android.adservices
06-08 13:22:51.704 12375 12375 I AconfigPackage: com.android.sdksandbox.flags is mapped to com.android.adservices
06-08 13:22:51.704 12375 12375 I AconfigPackage: android.app.sdksandbox.flags is mapped to com.android.adservices
06-08 13:22:51.705 12375 12375 I AconfigPackage: com.android.uwb.flags is mapped to com.android.uwb
06-08 13:22:51.705 12375 12375 I AconfigPackage: com.android.ranging.flags is mapped to com.android.uwb
06-08 13:22:51.706 12375 12375 I AconfigPackage: com.android.npumanager is mapped to com.android.npumanager
06-08 13:22:51.706 12375 12375 I AconfigPackage: android.graphics.pdf.flags is mapped to com.android.mediaprovider
06-08 13:22:51.706 12375 12375 I AconfigPackage: com.android.providers.media.flags is mapped to com.android.mediaprovider
06-08 13:22:51.706 12375 12375 I AconfigPackage: android.graphics.pdf.flags.readonly is mapped to com.android.mediaprovider
06-08 13:22:51.707 12375 12375 I AconfigPackage: com.android.tethering.mainline.beta is mapped to com.android.tethering
06-08 13:22:51.707 12375 12375 I AconfigPackage: android.net.http is mapped to com.android.tethering
06-08 13:22:51.707 12375 12375 I AconfigPackage: com.android.tethering.readonly.flags is mapped to com.android.tethering
06-08 13:22:51.707 12375 12375 I AconfigPackage: android.net.vcn is mapped to com.android.tethering
06-08 13:22:51.707 12375 12375 I AconfigPackage: com.android.net.flags is mapped to com.android.tethering
06-08 13:22:51.707 12375 12375 I AconfigPackage: com.android.tethering.flags is mapped to com.android.tethering
06-08 13:22:51.707 12375 12375 I AconfigPackage: com.android.tethering.beta.test is mapped to com.android.tethering
06-08 13:22:51.707 12375 12375 I AconfigPackage: com.android.nearby.flags is mapped to com.android.tethering
06-08 13:22:51.707 12375 12375 I AconfigPackage: com.android.net.thread.flags is mapped to com.android.tethering
06-08 13:22:51.707 12375 12375 I AconfigPackage: com.android.net.ct.flags is mapped to com.android.tethering
06-08 13:22:51.708 12375 12375 I AconfigPackage: com.android.system.virtualmachine.flags is mapped to com.android.virt
06-08 13:22:51.708 12375 12375 E FeatureFlagsImplExport: android.os.flagging.AconfigStorageReadException: ERROR_PACKAGE_NOT_FOUND: package android.xr cannot be found on the device
06-08 13:22:51.721 12375 12375 W Monkey  :  arg: "-p"
06-08 13:22:51.721 12375 12375 W Monkey  :  arg: "com.alexdiaz.scriptcue"
06-08 13:22:51.721 12375 12375 W Monkey  :  arg: "-c"
06-08 13:22:51.721 12375 12375 W Monkey  :  arg: "android.intent.category.LAUNCHER"
06-08 13:22:51.721 12375 12375 W Monkey  :  arg: "1"
06-08 13:22:51.721 12375 12375 W Monkey  : data="com.alexdiaz.scriptcue"
06-08 13:22:51.721 12375 12375 W Monkey  : data="android.intent.category.LAUNCHER"
06-08 13:22:51.727   667   776 D EventHub: No input device configuration file found for device 'Monkey touch'.
06-08 13:22:51.728   667   776 I EventHub: usingClockIoctl=true
06-08 13:22:51.728   667   776 I EventHub: New device: id=14, fd=543, path='/dev/input/event13', name='Monkey touch', classes=TOUCH | TOUCH_MT, configuration='', keyLayout='', keyCharacterMap='', builtinKeyboard=false, 
06-08 13:22:51.734   667   776 I InputReader: Device reconfigured: id=14, name='Monkey touch', size 1080x2424, orientation Rotation0, mode DIRECT, display id 0
06-08 13:22:51.734   667   776 I InputReader: Device added: id=14, eventHubId=14, name='Monkey touch', descriptor='e1fe28b90f915c7d1febbd52c1ef84b3c4cbed9f',sources=TOUCHSCREEN
06-08 13:22:51.746   667   692 D WindowManager: Direct invocation of sendNewConfiguration: Display{#0 state=ON size=1080x2424 ROTATION_0}
06-08 13:22:51.751  1103  1147 V ShellDesktopMode: DesktopDisplayModeController: canDesktopFirstModeBeEnabledOnDefaultDisplay: isDefaultDisplayDesktopEligible=false
06-08 13:22:51.751  1103  1147 V WindowManagerShell: Directly starting a new transition type=CHANGE wct=WindowContainerTransaction { changes= {android.os.BinderProxy@7c7a190={isTaskMoveAllowed:false,}} hops= [] flags= 0 errorCallbackToken=null taskFragmentOrganizer=null } handler=null
06-08 13:22:51.755  6855  6855 I PkDeviceHelper: PkDeviceHelper.refreshDevices():87 refreshing devices
06-08 13:22:51.755  6855  6855 I PkDeviceHelper: PkDeviceHelper.addDevice():125 device qwerty2 added
06-08 13:22:51.755   667   746 V WindowManager: deferTransitionReady deferReadyDepth=1 stack=com.android.server.wm.WindowOrganizerController.applyTransaction:717 com.android.server.wm.WindowOrganizerController.applyTransaction:651 com.android.server.wm.WindowOrganizerController.lambda$startTransition$3:388 com.android.server.wm.WindowOrganizerController.$r8$lambda$PHnU0rj5Bcvaq0dL-Wi7kOJt8bo:0 com.android.server.wm.WindowOrganizerController$$ExternalSyntheticLambda5.onCollectStarted:0 
06-08 13:22:51.757   667   746 V WindowManager: continueTransitionReady deferReadyDepth=0 stack=com.android.server.wm.WindowOrganizerController.applyTransaction:864 com.android.server.wm.WindowOrganizerController.applyTransaction:651 com.android.server.wm.WindowOrganizerController.lambda$startTransition$3:388 com.android.server.wm.WindowOrganizerController.$r8$lambda$PHnU0rj5Bcvaq0dL-Wi7kOJt8bo:0 com.android.server.wm.WindowOrganizerController$$ExternalSyntheticLambda5.onCollectStarted:0 
06-08 13:22:51.759   504   580 I libbinder.BpBinder: onLastStrongRef automatically unlinking death recipients for binder (0xb4007038ee02ec40) with descriptor: '(not cached)'
06-08 13:22:51.759   667   689 V WindowManager: Sent Transition (#60) createdAt=06-08 13:22:51.753
06-08 13:22:51.759   667   689 V WindowManager:     startWCT=WindowContainerTransaction { changes= {RemoteToken{50731ba DefaultTaskDisplayArea@66731859}={isTaskMoveAllowed:false,}} hops= [] flags= 0 errorCallbackToken=null taskFragmentOrganizer=null }
06-08 13:22:51.760   667   689 V WindowManager:     info={id=60 t=CHANGE f=0x0 trk=0 r=[] c=[]}
06-08 13:22:51.760  1103  1905 V WindowManagerShell: onTransitionReady(transaction=2864743191203)
06-08 13:22:51.760  1103  1147 V WindowManagerShell: onTransitionReady (#60) android.os.BinderProxy@36b62a4: {id=60 t=CHANGE f=0x0 trk=0 r=[] c=[]}
06-08 13:22:51.760  1103  1147 V WindowManagerShell: No transition roots in (#60) android.os.BinderProxy@36b62a4@0 so abort
06-08 13:22:51.761  1103  1147 V WindowManagerShell: Transition animation finished (aborted=true), notifying core (#60) android.os.BinderProxy@36b62a4@0
06-08 13:22:51.763   667   689 V WindowManager: Finish Transition (#60): created at 06-08 13:22:51.753 collect-started=0.024ms started=0.031ms ready=3.246ms sent=5.262ms finished=9.949ms
06-08 13:22:51.764  1103  1147 V WindowManagerShell: Track 0 became idle
06-08 13:22:51.764  1103  1147 V WindowManagerShell: All active transition animations finished
06-08 13:22:51.777   504   591 W skia    : AGTM parsing failed flags.readFromStream(s) at 159
06-08 13:22:51.778   504   591 W skia    : AGTM parsing failed flags.readFromStream(s) at 159
06-08 13:22:51.789   667   746 W ActivityManager: registerReceiverWithFeature: no app for null
06-08 13:22:51.799   667   682 W ActivityTaskManager: callingPackage for (uid=2000, pid=12375) has no WPC
06-08 13:22:51.806   667   682 V GrammaticalInflectionUtils: AttributionSource: android.content.AttributionSource@e8b794c6 does not have READ_SYSTEM_GRAMMATICAL_GENDER permission.
06-08 13:22:51.810  1376  1376 D RecentsView: onTaskDisplayChanged: 14, new displayId = 0
06-08 13:22:51.811   504   643 I libbinder.BpBinder: onLastStrongRef automatically unlinking death recipients for binder (0xb4007038ee02ec40) with descriptor: '(not cached)'
06-08 13:22:51.815   667   746 D CompatChangeReporter: Compat change id reported: 377864165; UID 10226; state: ENABLED
06-08 13:22:51.816   667   682 V ActivityTaskManager: TaskLaunchParamsModifier: phase=3 task=Task{3bf47aa #14 type=standard A=10226:com.alexdiaz.scriptcue} activity=ActivityRecord{59898517 u0 com.alexdiaz.scriptcue/.MainActivity t-1} display-from-task=0 display-id=0 task-display-area-windowing-mode=1 suggested-display-area=DefaultTaskDisplayArea@66731859 inherit-from-task=fullscreen non-freeform-task-display-area display-area=DefaultTaskDisplayArea@66731859 skip-bounds-fullscreen
06-08 13:22:51.816   667   682 I ActivityTaskManager: START u0 {act=android.intent.action.MAIN cat=[android.intent.category.LAUNCHER] flg=0x10200000 cmp=com.alexdiaz.scriptcue/.MainActivity} with LAUNCH_SINGLE_TASK from uid 2000 (com.android.shell) (BAL_ALLOW_PERMISSION) result code=0
06-08 13:22:51.816  1376  1376 D BaseActivity: Launcher flags updated: [state_started|state_resumed|state_deferred_resumed|state_window_focused|state_user_active] -[]
06-08 13:22:51.816 12375 12375 I Monkey  : Events injected: 1
06-08 13:22:51.816  1376  1376 D BaseActivity: Launcher flags updated: [state_started|state_resumed|state_deferred_resumed|state_window_focused] -[state_user_active]
06-08 13:22:51.818  1376  1376 D BaseActivity: Launcher flags updated: [state_started|state_window_focused] -[state_resumed|state_deferred_resumed]
06-08 13:22:51.819  1376  1376 W SplitSelectStateCtor: Missing session instanceIds
06-08 13:22:51.819  1376  1376 D StatsLog: LAUNCHER_SPLIT_SELECTION_EXIT_INTERRUPTED
06-08 13:22:51.819  1103  1147 V WindowManagerShell: Transition requested (#61): android.os.BinderProxy@c76623c TransitionRequestInfo { type = OPEN, triggerTask = TaskInfo{userId=0 taskId=14 effectiveUid=10226 displayId=0 isRunning=true baseIntent=Intent { act=android.intent.action.MAIN cat=[android.intent.category.LAUNCHER] flg=0x10200000 cmp=com.alexdiaz.scriptcue/.MainActivity } baseActivity=ComponentInfo{com.alexdiaz.scriptcue/com.alexdiaz.scriptcue.MainActivity} topActivity=ComponentInfo{com.alexdiaz.scriptcue/com.alexdiaz.scriptcue.MainActivity} origActivity=null realActivity=ComponentInfo{com.alexdiaz.scriptcue/com.alexdiaz.scriptcue.MainActivity} realActivityIsAppLockEnabled=false numActivities=1 lastActiveTime=5436657 supportsMultiWindow=true supportsMultiWindowWithoutConstraints=true resizeMode=1 isResizeable=true minWidth=-1 minHeight=-1 defaultMinSize=220 token=WCT{android.os.BinderProxy@6be4bc5} topActivityType=1 pictureInPictureParams=null shouldDockBigOverlays=false launchIntoPipHostTaskId=-1 lastParentTaskIdBeforePip=-1 displayCutoutSafeInsets=Rect(0, 142 - 0, 0) topActivityInfo=ActivityInfo{97a791a com.alexdiaz.scriptcue.MainActivity} launchCookies=[] positionInParent=Point(0, 0) parentTaskId=-1 isFocused=false isInteractive=false isVisible=false isVisibleRequested=false isTopActivityNoDisplay=false isSleeping=false locusId=null displayAreaFeatureId=1 isTopActivityTransparent=false isActivityStackTransparent=false lastNonFullscreenBounds=null leafTaskBoundsFromOptions= false capturedLink=null capturedLinkTimestamp=0 requestedVisibleTypes=503 topActivityRequestOpenInBrowserEducationTimestamp=0 appCompatTaskInfo=AppCompatTaskInfo { topActivityInSizeCompat=false isLeafTask= true eligibleForLetterboxEducation= false isLetterboxEducationEnabled= true isLetterboxDoubleTapEnabled= false eligibleForUserAspectRatioButton= false topActivityBoundsLetterboxed= false isFromLetterboxDoubleTap= false topActivityLetterboxVerticalPosition= -1 topActivityLetterboxHorizontalPosition= -1 topActivityLetterboxWidth=-1 topActivityLetterboxHeight=-1 topActivityAppBounds=Rect(0, 0 - 1080, 2424) isUserFullscreenOverrideEnabled=false isSystemFullscreenOverrideEnabled=false hasMinAspectRatioOverride=false topActivityLetterboxBounds=null topNonResizableActivityAspectRatio=-1.0} topActivityMainWindowFrame=null isAppBubble=false}, pipChange = null, remoteTransitionInfo = null, displayChanges = null, requestedLocation = null, userChange = null, windowingLayerChange = null, fullscreenRequestChange = null, flags = 0, debugId = 61 }
06-08 13:22:51.819  1103  1147 W DisconnectHandler: No disconnect change found in the transition, not handling request.
06-08 13:22:51.819  1103  1147 V ShellDesktopMode: DesktopTasksController: skipping handleRequest reason=triggerTask's display doesn't support desktop mode
06-08 13:22:51.820  1103  1147 D ShellSplitScreen: logExit: no-op, mLoggerSessionId is null
06-08 13:22:51.820   667   682 D CompatChangeReporter: Compat change id reported: 463899193; UID 10226; state: ENABLED
06-08 13:22:51.822   667   682 W InputChannel-JNI: Channel already disposed.
06-08 13:22:51.822   667   692 V GrammaticalInflectionUtils: AttributionSource: android.content.AttributionSource@e8b794c6 does not have READ_SYSTEM_GRAMMATICAL_GENDER permission.
06-08 13:22:51.823  1103  1147 D WindowManagerShell: setLauncherKeepClearAreaHeight: visible=false, height=495
06-08 13:22:51.826  1103  1147 V RecentTasksController: Notify recent tasks changed
06-08 13:22:51.826  1103  1147 D ShellDesktopMode: DesktopRepository(0): Removes freeform task: taskId=13
06-08 13:22:51.826  1103  1147 W ShellDesktopMode: DesktopRepository(0): No display id found for task: taskId=13
06-08 13:22:51.826  1103  1147 V RecentTasksController: Notify recent tasks changed
06-08 13:22:51.833   443   443 D Zygote  : Forked child process 12386
06-08 13:22:51.833   667   699 I ActivityManager: Start proc 12386:com.alexdiaz.scriptcue/u0a226 for next-top-activity {com.alexdiaz.scriptcue/com.alexdiaz.scriptcue.MainActivity}
06-08 13:22:51.842   667  2027 V WindowManager: Defer transition id=61 for TaskFragmentTransaction=android.os.Binder@3b57a81
06-08 13:22:51.842  1376  1376 D RecentTasksList: invalidateLoadedTasks - previous requestLoadId: -1
06-08 13:22:51.842  1376  1376 D RecentTasksList: invalidateLoadedTasks - previous requestLoadId: -1
06-08 13:22:51.843  1103  1242 D WindowOnBackDispatcher: setTopOnBackInvokedCallback (unwrapped): android.view.ViewRootImpl$$ExternalSyntheticLambda14@10f59c3
06-08 13:22:51.844   667  1175 V WindowManager: Continue transition id=61 for TaskFragmentTransaction=android.os.Binder@3b57a81
06-08 13:22:51.844   667   682 D CoreBackPreview: Window{4e7b305 u0 Splash Screen com.alexdiaz.scriptcue}: Setting back callback OnBackInvokedCallbackInfo{mCallback=android.window.IOnBackInvokedCallback$Stub$Proxy@c9eef67, mPriority=0, mIsAnimationCallback=false, mOverrideBehavior=0}
06-08 13:22:51.845 12375 12375 I Monkey  : ## Network stats: elapsed time=49ms (0ms mobile, 0ms wifi, 49ms not connected)
06-08 13:22:51.846 12375 12375 I app_process: System.exit called, status: 0
06-08 13:22:51.846 12375 12375 I AndroidRuntime: VM exiting with result code 0.
06-08 13:22:51.848 12386 12386 I libprocessgroup: Created cgroup /sys/fs/cgroup/apps/uid_10226/pid_12386
06-08 13:22:51.849   667   776 I EventHub: Removing device Monkey touch due to epoll hang-up event.
06-08 13:22:51.849   667   776 I EventHub: Removed device: path=/dev/input/event13 name=Monkey touch id=14 fd=543 classes=TOUCH | TOUCH_MT
06-08 13:22:51.849   667   746 D WindowManager: setClientSurface Surface(name=VRI-Splash Screen com.alexdiaz.scriptcue#581)/@0xa3e3dbd for 4e7b305 Splash Screen com.alexdiaz.scriptcue
06-08 13:22:51.850 12386 12386 I Zygote  : Process 12386 created for com.alexdiaz.scriptcue
06-08 13:22:51.850 12386 12386 I xdiaz.scriptcue: Using generational CollectorTypeCMC GC.
06-08 13:22:51.850  1103  1242 I Surface : Creating surface for consumer unnamed-1103-19 with slotExpansion=1 for 64 slots
06-08 13:22:51.851  1103  1242 I Surface : Creating surface for consumer VRI[scriptcue]#18(BLAST Consumer)18 with slotExpansion=1 for 64 slots
06-08 13:22:51.858 12386 12386 D nativeloader: Load libframework-connectivity-tiramisu-jni.so using APEX ns com_android_tethering for caller /apex/com.android.tethering/javalib/framework-connectivity-t.jar: ok
06-08 13:22:51.872  1376  1376 D BaseActivity: Launcher flags updated: [state_started] -[state_window_focused]
06-08 13:22:51.873  1103  8355 V WindowManagerShell: onTransitionReady(transaction=2864743191256)
06-08 13:22:51.874  1103  1147 V WindowManagerShell: onTransitionReady (#61) android.os.BinderProxy@c76623c: {id=61 t=OPEN f=0x0 trk=0 r=[0@Point(0, 0)] c=[
06-08 13:22:51.874  1103  1147 V WindowManagerShell:         {m=OPEN f=MOVE_TO_TOP|FLAG_CHANGED_INTERACTIVE leash=Surface(name=Task=14#578)/@0x8d2a958 sb=Rect(0, 0 - 1080, 2424) eb=Rect(0, 0 - 1080, 2424) epz=Point(1080, 2424) d=0 taskParent=-1 winMode=1 userId=0},
06-08 13:22:51.874  1103  1147 V WindowManagerShell:         {m=TO_BACK f=SHOW_WALLPAPER|FLAG_CHANGED_INTERACTIVE leash=Surface(name=Task=1#35)/@0x35b1ab1 sb=Rect(0, 0 - 1080, 2424) eb=Rect(0, 0 - 1080, 2424) epz=Point(1080, 2424) d=0 taskParent=-1 winMode=1 userId=0},
06-08 13:22:51.874  1103  1147 V WindowManagerShell:         {m=TO_BACK f=IS_WALLPAPER leash=Surface(name=WallpaperWindowToken{9406872}#45)/@0x5d27b96 sb=Rect(0, 0 - 1080, 2424) eb=Rect(0, 0 - 1080, 2424) epz=Point(1080, 2424) d=0}
06-08 13:22:51.874  1103  1147 V WindowManagerShell:     ]}
06-08 13:22:51.874   667   689 V WindowManager: Sent Transition (#61) createdAt=06-08 13:22:51.807 via request=TransitionRequestInfo { type = OPEN, triggerTask = TaskInfo{userId=0 taskId=14 effectiveUid=10226 displayId=0 isRunning=true baseIntent=Intent { act=android.intent.action.MAIN cat=[android.intent.category.LAUNCHER] flg=0x10200000 cmp=com.alexdiaz.scriptcue/.MainActivity } baseActivity=ComponentInfo{com.alexdiaz.scriptcue/com.alexdiaz.scriptcue.MainActivity} topActivity=ComponentInfo{com.alexdiaz.scriptcue/com.alexdiaz.scriptcue.MainActivity} origActivity=null realActivity=ComponentInfo{com.alexdiaz.scriptcue/com.alexdiaz.scriptcue.MainActivity} realActivityIsAppLockEnabled=false numActivities=1 lastActiveTime=5436657 supportsMultiWindow=true supportsMultiWindowWithoutConstraints=true resizeMode=1 isResizeable=true minWidth=-1 minHeight=-1 defaultMinSize=220 token=WCT{RemoteToken{6146775 Task{3bf47aa #14 type=standard A=10226:com.alexdiaz.scriptcue}}} topActivityType=1 pictureInPictureParams=null shouldDockBigOverlays=false launchIntoPipHostTaskId=-1 lastParentTaskIdBeforePip=-1 displayCutoutSafeInsets=Rect(0, 142 - 0, 0) topActivityInfo=ActivityInfo{7b3e30a com.alexdiaz.scriptcue.MainActivity} launchCookies=[] positionInParent=Point(0, 0) parentTaskId=-1 isFocused=false isInteractive=false isVisible=false isVisibleRequested=false isTopActivityNoDisplay=false isSleeping=false locusId=null displayAreaFeatureId=1 isTopActivityTransparent=false isActivityStackTransparent=false lastNonFullscreenBounds=null leafTaskBoundsFromOptions= false capturedLink=null capturedLinkTimestamp=0 requestedVisibleTypes=503 topActivityRequestOpenInBrowserEducationTimestamp=0 appCompatTaskInfo=AppCompatTaskInfo { topActivityInSizeCompat=false isLeafTask= true eligibleForLetterboxEducation= false isLetterboxEducationEnabled= true isLetterboxDoubleTapEnabled= false eligibleForUserAspectRatioButton= false topActivityBoundsLetterboxed= false isFromLetterboxDoubleTap= false topActivityLetterboxVerticalPosition= -1 topActivityLetterboxHorizontalPosition= -1 topActivityLetterboxWidth=-1 topActivityLetterboxHeight=-1 topActivityAppBounds=Rect(0, 0 - 1080, 2424) isUserFullscreenOverrideEnabled=false isSystemFullscreenOverrideEnabled=false hasMinAspectRatioOverride=false topActivityLetterboxBounds=null topNonResizableActivityAspectRatio=-1.0} topActivityMainWindowFrame=null isAppBubble=false}, pipChange = null, remoteTransitionInfo = null, displayChanges = null, requestedLocation = null, userChange = null, windowingLayerChange = null, fullscreenRequestChange = null, flags = 0, debugId = 61 }
06-08 13:22:51.874   667   689 V WindowManager:     startWCT=WindowContainerTransaction { changes= {} hops= [] flags= 0 errorCallbackToken=null taskFragmentOrganizer=null }
06-08 13:22:51.874   667   689 V WindowManager:     info={id=61 t=OPEN f=0x0 trk=0 r=[0@Point(0, 0)] c=[
06-08 13:22:51.874   667   689 V WindowManager:         {WCT{RemoteToken{6146775 Task{3bf47aa #14 type=standard A=10226:com.alexdiaz.scriptcue}}} m=OPEN f=MOVE_TO_TOP|FLAG_CHANGED_INTERACTIVE leash=Surface(name=Task=14#578)/@0xd95f8b9 sb=Rect(0, 0 - 1080, 2424) eb=Rect(0, 0 - 1080, 2424) epz=Point(1080, 2424) d=0 taskParent=-1 winMode=1 userId=0},
06-08 13:22:51.874   667   689 V WindowManager:         {WCT{RemoteToken{6bdbc83 Task{7f0103 #1 type=home}}} m=TO_BACK f=SHOW_WALLPAPER|FLAG_CHANGED_INTERACTIVE leash=Surface(name=Task=1#35)/@0x2f479fc sb=Rect(0, 0 - 1080, 2424) eb=Rect(0, 0 - 1080, 2424) epz=Point(1080, 2424) d=0 taskParent=-1 winMode=1 userId=0},
06-08 13:22:51.874   667   689 V WindowManager:         {m=TO_BACK f=IS_WALLPAPER leash=Surface(name=WallpaperWindowToken{9406872}#45)/@0x7d0985e sb=Rect(0, 0 - 1080, 2424) eb=Rect(0, 0 - 1080, 2424) epz=Point(1080, 2424) d=0}
06-08 13:22:51.874   667   689 V WindowManager:     ]}
06-08 13:22:51.875  1103  1147 V WindowManagerShell: Playing animation for (#61) android.os.BinderProxy@c76623c@0
06-08 13:22:51.875  1103  1147 D ShellSplitScreen: startAnimation: transition=61 isSplitActive=false
06-08 13:22:51.875  1103  1147 V ShellRecents: RecentsTransitionHandler.startAnimation: no controller found
06-08 13:22:51.875  1103  1147 V ShellDesktopMode: DesktopMixedTransitionHandler: No pending desktop transition
06-08 13:22:51.876  1103  1147 V WindowManagerShell: Transition doesn't have explicit remote, search filters for match for {id=61 t=OPEN f=0x0 trk=0 r=[0@Point(0, 0)] c=[{m=OPEN f=MOVE_TO_TOP|FLAG_CHANGED_INTERACTIVE leash=Surface(name=Task=14#578)/@0x8d2a958 sb=Rect(0, 0 - 1080, 2424) eb=Rect(0, 0 - 1080, 2424) epz=Point(1080, 2424) d=0 taskParent=-1 winMode=1 userId=0},{m=TO_BACK f=SHOW_WALLPAPER|FLAG_CHANGED_INTERACTIVE leash=Surface(name=Task=1#35)/@0x35b1ab1 sb=Rect(0, 0 - 1080, 2424) eb=Rect(0, 0 - 1080, 2424) epz=Point(1080, 2424) d=0 taskParent=-1 winMode=1 userId=0},{m=TO_BACK f=IS_WALLPAPER leash=Surface(name=WallpaperWindowToken{9406872}#45)/@0x5d27b96 sb=Rect(0, 0 - 1080, 2424) eb=Rect(0, 0 - 1080, 2424) epz=Point(1080, 2424) d=0}]}
06-08 13:22:51.876  1103  1147 V WindowManagerShell:  Checking filter Pair{{types=[] flags=0x0 notFlags=0x0 checks=[{atype=undefined independent=true modes=[CLOSE,TO_BACK] flags=IN_TASK_WITH_EMBEDDED_ACTIVITY mustBeTask=false order=ANY topActivity=null launchCookie=null taskFragmentToken=android.os.BinderProxy@d9036db windowingMode=undefined isCrossDisplayMove=false}]} RemoteTransition { remoteTransition = android.window.IRemoteTransition$Stub$Proxy@f804578, appThread = android.app.IApplicationThread$Stub$Proxy@1985451, debugName = overlayBackTransition, filter = {types=[] flags=0x0 notFlags=0x0 checks=[{atype=undefined independent=true modes=[CLOSE,TO_BACK] flags=IN_TASK_WITH_EMBEDDED_ACTIVITY mustBeTask=false order=ANY topActivity=null launchCookie=null taskFragmentToken=android.os.BinderProxy@d9036db windowingMode=undefined isCrossDisplayMove=false}]} }}
06-08 13:22:51.876  1103  1147 V WindowManagerShell:  Checking filter Pair{{types=[] flags=0x0 notFlags=0x0 checks=[{atype=dream independent=true modes=[OPEN,TO_FRONT] flags=NONE mustBeTask=false order=ANY topActivity=null launchCookie=null windowingMode=undefined isCrossDisplayMove=false},{atype=home independent=true modes=[CLOSE,TO_BACK] flags=NONE mustBeTask=false order=ANY topActivity=null launchCookie=null windowingMode=undefined isCrossDisplayMove=false}]} RemoteTransition { remoteTransition = android.window.IRemoteTransition$Stub$Proxy@f32c4b6, appThread = android.app.IApplicationThread$Stub$Proxy@b5165b7, debugName = LauncherToDream, filter = {types=[] flags=0x0 notFlags=0x0 checks=[{atype=dream independent=true modes=[OPEN,TO_FRONT] flags=NONE mustBeTask=false order=ANY topActivity=null launchCookie=null windowingMode=undefined isCrossDisplayMove=false},{atype=home independent=true modes=[CLOSE,TO_BACK] flags=NONE mustBeTask=false order=ANY topActivity=null launchCookie=null windowingMode=undefined isCrossDisplayMove=false}]} }}
06-08 13:22:51.876  1103  1147 V WindowManagerShell:  Checking filter Pair{{types=[] flags=0x0 notFlags=0x0 checks=[{atype=standard independent=false modes=[CHANGE] flags=NONE mustBeTask=true order=ANY topActivity=null launchCookie=null windowingMode=undefined isCrossDisplayMove=true}]} RemoteTransition { remoteTransition = android.window.IRemoteTransition$Stub$Proxy@1304124, appThread = android.app.IApplicationThread$Stub$Proxy@b3ce48d, debugName = QuickstepDisplayMove, filter = {types=[] flags=0x0 notFlags=0x0 checks=[{atype=standard independent=false modes=[CHANGE] flags=NONE mustBeTask=true order=ANY topActivity=null launchCookie=null windowingMode=undefined isCrossDisplayMove=true}]} }}
06-08 13:22:51.876  1103  1147 V WindowManagerShell:  Checking filter Pair{{types=[] flags=0x0 notFlags=0x100 checks=[{atype=home independent=true modes=[OPEN,TO_FRONT] flags=NONE mustBeTask=false order=ANY topActivity=ComponentInfo{com.google.android.apps.nexuslauncher/com.google.android.apps.nexuslauncher.NexusLauncherActivity} launchCookie=null windowingMode=undefined isCrossDisplayMove=false},{atype=standard independent=true modes=[CLOSE,TO_BACK] flags=NONE mustBeTask=false order=ANY topActivity=null launchCookie=null windowingMode=undefined isCrossDisplayMove=false},{NOT atype=undefined independent=true modes=[] flags=NONE mustBeTask=true order=ANY topActivity=null launchCookie=null customAnim=true windowingMode=undefined isCrossDisplayMove=false}]} RemoteTransition { remoteTransition = android.window.IRemoteTransition$Stub$Proxy@89e7642, appThread = android.app.IApplicationThread$Stub$Proxy@c8ca653, debugName = QuickstepLaunchHome, filter = {types=[] flags=0x0 notFlags=0x100 checks=[{atype=home independent=true modes=[OPEN,TO_FRONT] flags=NONE mustBeTask=false order=ANY topActivity=ComponentInfo{com.google.android.apps.nexuslauncher/com.google.android.apps.nexuslauncher.NexusLauncherActivity} launchCookie=null windowingMode=undefined isCrossDisplayMove=false},{atype=standard independent=true modes=[CLOSE,TO_BACK] flags=NONE mustBeTask=false order=ANY topActivity=null launchCookie=null windowingMode=undefined isCrossDisplayMove=false},{NOT atype=undefined independent=true modes=[] flags=NONE mustBeTask=true order=ANY topActivity=null launchCookie=null customAnim=true windowingMode=undefined isCrossDisplayMove=false}]} }}
06-08 13:22:51.876  1103  1147 V WindowManagerShell:  Checking filter Pair{{types=[OPEN,TO_FRONT] flags=0x0 notFlags=0x0 checks=[{atype=standard independent=true modes=[OPEN,TO_FRONT] flags=NONE mustBeTask=true order=ANY topActivity=null launchCookie=null windowingMode=freeform isCrossDisplayMove=false}]} RemoteTransition { remoteTransition = android.window.IRemoteTransition$Stub$Proxy@5a44b7d, appThread = null, debugName = DesktopWindowLimitUnminimize, filter = {types=[OPEN,TO_FRONT] flags=0x0 notFlags=0x0 checks=[{atype=standard independent=true modes=[OPEN,TO_FRONT] flags=NONE mustBeTask=true order=ANY topActivity=null launchCookie=null windowingMode=freeform isCrossDisplayMove=false}]} }}
06-08 13:22:51.876  1103  1147 V WindowManagerShell:  Delegate animation for (#61) to null
06-08 13:22:51.876  1103  1147 V WindowManagerShell: start default transition animation, info = {id=61 t=OPEN f=0x0 trk=0 r=[0@Point(0, 0)] c=[{m=OPEN f=MOVE_TO_TOP|FLAG_CHANGED_INTERACTIVE leash=Surface(name=Task=14#578)/@0x8d2a958 sb=Rect(0, 0 - 1080, 2424) eb=Rect(0, 0 - 1080, 2424) epz=Point(1080, 2424) d=0 taskParent=-1 winMode=1 userId=0},{m=TO_BACK f=SHOW_WALLPAPER|FLAG_CHANGED_INTERACTIVE leash=Surface(name=Task=1#35)/@0x35b1ab1 sb=Rect(0, 0 - 1080, 2424) eb=Rect(0, 0 - 1080, 2424) epz=Point(1080, 2424) d=0 taskParent=-1 winMode=1 userId=0},{m=TO_BACK f=IS_WALLPAPER leash=Surface(name=WallpaperWindowToken{9406872}#45)/@0x5d27b96 sb=Rect(0, 0 - 1080, 2424) eb=Rect(0, 0 - 1080, 2424) epz=Point(1080, 2424) d=0}]}
06-08 13:22:51.879   667   776 I InputReader: Device removed: id=14, eventHubId=14, name='Monkey touch', descriptor='e1fe28b90f915c7d1febbd52c1ef84b3c4cbed9f', sources=TOUCHSCREEN
06-08 13:22:51.880   667  1014 W libbinder.IPCThreadState: Sending oneway calls to frozen process.
06-08 13:22:51.880   667  1014 W libbinder.IPCThreadState: Sending oneway calls to frozen process.
06-08 13:22:51.882   667   758 D ActivityManager: sync unfroze 6867 com.android.vending for 6
06-08 13:22:51.886   667   776 I EventHub: Removing device '/dev/input/event13' due to inotify event
06-08 13:22:51.886   667   692 D WindowManager: Direct invocation of sendNewConfiguration: Display{#0 state=ON size=1080x2424 ROTATION_0}
06-08 13:22:51.891  1103  1147 V WindowManagerShell: loadAnimation: anim=android.view.animation.AnimationSet@ac14b70 animAttr=0x13 type=OPEN isEntrance=false
06-08 13:22:51.891  1103  1103 D NavigationModeController: getCurrentUserContext: contextUser=0 currentUser=0
06-08 13:22:51.892  6855  6855 I PkDeviceHelper: PkDeviceHelper.refreshDevices():87 refreshing devices
06-08 13:22:51.892  6855  6855 I PkDeviceHelper: PkDeviceHelper.addDevice():125 device qwerty2 added
06-08 13:22:51.893  1103  1147 V WindowManagerShell: loadAnimation: anim=android.view.animation.AnimationSet@647ae9c animAttr=0x12 type=OPEN isEntrance=true
06-08 13:22:51.896  1103  1147 V WindowManagerShell:  animated by com.android.wm.shell.transition.DefaultTransitionHandler@1c137ab
06-08 13:22:51.896  1103  1147 V ShellTaskOrganizer: Task appeared taskId=14 listener=FullscreenTaskListener
06-08 13:22:51.896  1103  1147 V ShellTaskOrganizer: Fullscreen Task Appeared: #14
06-08 13:22:51.896  1103  1147 V RecentTasksController: Notify recent tasks changed
06-08 13:22:51.896  1103  1147 V ShellDesktopMode: DesktopDisplayModeController: canDesktopFirstModeBeEnabledOnDefaultDisplay: isDefaultDisplayDesktopEligible=false
06-08 13:22:51.896  1103  1147 V WindowManagerShell: Directly starting a new transition type=CHANGE wct=WindowContainerTransaction { changes= {android.os.BinderProxy@7c7a190={isTaskMoveAllowed:false,}} hops= [] flags= 0 errorCallbackToken=null taskFragmentOrganizer=null } handler=null
06-08 13:22:51.897   667   746 V WindowManager: deferTransitionReady deferReadyDepth=1 stack=com.android.server.wm.WindowOrganizerController.applyTransaction:717 com.android.server.wm.WindowOrganizerController.applyTransaction:651 com.android.server.wm.WindowOrganizerController.lambda$startTransition$3:388 com.android.server.wm.WindowOrganizerController.$r8$lambda$PHnU0rj5Bcvaq0dL-Wi7kOJt8bo:0 com.android.server.wm.WindowOrganizerController$$ExternalSyntheticLambda5.onCollectStarted:0 
06-08 13:22:51.897   667   746 V WindowManager: continueTransitionReady deferReadyDepth=0 stack=com.android.server.wm.WindowOrganizerController.applyTransaction:864 com.android.server.wm.WindowOrganizerController.applyTransaction:651 com.android.server.wm.WindowOrganizerController.lambda$startTransition$3:388 com.android.server.wm.WindowOrganizerController.$r8$lambda$PHnU0rj5Bcvaq0dL-Wi7kOJt8bo:0 com.android.server.wm.WindowOrganizerController$$ExternalSyntheticLambda5.onCollectStarted:0 
06-08 13:22:51.903   667   689 V WindowManager: Sent Transition (#62) createdAt=06-08 13:22:51.897
06-08 13:22:51.903   667   689 V WindowManager:     startWCT=WindowContainerTransaction { changes= {RemoteToken{50731ba DefaultTaskDisplayArea@66731859}={isTaskMoveAllowed:false,}} hops= [] flags= 0 errorCallbackToken=null taskFragmentOrganizer=null }
06-08 13:22:51.903   667   689 V WindowManager:     info={id=62 t=CHANGE f=0x0 trk=0 r=[] c=[]}
06-08 13:22:51.905  1376  1376 D RecentTasksList: invalidateLoadedTasks - previous requestLoadId: -1
06-08 13:22:51.906   504   580 I libbinder.BpBinder: onLastStrongRef automatically unlinking death recipients for binder (0xb4007038ee02d0c0) with descriptor: '(not cached)'
06-08 13:22:51.906  1103  8355 V WindowManagerShell: onTransitionReady(transaction=2864743191269)
06-08 13:22:51.906  1103  1147 V WindowManagerShell: onTransitionReady (#62) android.os.BinderProxy@c6110a5: {id=62 t=CHANGE f=0x0 trk=0 r=[] c=[]}
06-08 13:22:51.906  1103  1147 V WindowManagerShell: No transition roots in (#62) android.os.BinderProxy@c6110a5@0 so abort
06-08 13:22:51.907  1103  1147 V WindowManagerShell: Transition was merged: (#62) android.os.BinderProxy@c6110a5@0 into (#61) android.os.BinderProxy@c76623c@0
06-08 13:22:51.915   667   692 W PermissionService: getPermissionFlags: Unknown user -1
06-08 13:22:51.915   667   692 W PermissionService: getPermissionFlags: Unknown user -1
06-08 13:22:51.921 12386 12386 D nativeloader: Configuring clns-9 for other apk /data/app/~~XF_GTucaNroKG4iQloWIog==/com.alexdiaz.scriptcue-n6f1Oy8bQiTB_70Jg3Velg==/base.apk. target_sdk_version=36, uses_libraries=, library_path=/data/app/~~XF_GTucaNroKG4iQloWIog==/com.alexdiaz.scriptcue-n6f1Oy8bQiTB_70Jg3Velg==/lib/arm64:/data/app/~~XF_GTucaNroKG4iQloWIog==/com.alexdiaz.scriptcue-n6f1Oy8bQiTB_70Jg3Velg==/base.apk!/lib/arm64-v8a, permitted_path=/data:/mnt/expand:/data/user/0/com.alexdiaz.scriptcue
06-08 13:22:51.926 12386 12386 V GraphicsEnvironment: Currently set values for:
06-08 13:22:51.926 12386 12386 V GraphicsEnvironment:   angle_gl_driver_selection_pkgs=[]
06-08 13:22:51.926 12386 12386 V GraphicsEnvironment:   angle_gl_driver_selection_values=[]
06-08 13:22:51.926 12386 12386 V GraphicsEnvironment: com.alexdiaz.scriptcue is not listed in per-application setting
06-08 13:22:51.927 12386 12386 V GraphicsEnvironment: No special selections for ANGLE, returning default driver choice
06-08 13:22:51.927 12386 12386 V GraphicsEnvironment: Neither updatable production driver nor prerelease driver is supported.
06-08 13:22:51.944  1103  1147 V RecentTasksController: Notify recent tasks changed
06-08 13:22:51.944  1376  1376 D RecentTasksList: invalidateLoadedTasks - previous requestLoadId: -1
06-08 13:22:51.945  1103  1147 V RecentTasksController: generateList(getRecentTasks)
06-08 13:22:51.946  1103  1147 V RecentTasksController: initializeDesksMap - allDeskIds: []
06-08 13:22:51.946  1103  1147 V RecentTasksController: Task 14 is not an active desktop task
06-08 13:22:51.946  1103  1147 V RecentTasksController: Added fullscreen task: 14
06-08 13:22:51.946  1103  1147 V RecentTasksController: generateList - complete
06-08 13:22:51.948  1376  1444 D PreloadThumbnailUseCase: Preloading thumbnails for task ids: [[id=14 windowingMode=1 user=0 lastActiveTime=5436657] null]
06-08 13:22:51.949 12386 12386 W SoLoader: Initializing SoLoader: 0
06-08 13:22:51.949 12386 12386 W SoLoader: Recording new base apk path: /data/app/~~XF_GTucaNroKG4iQloWIog==/com.alexdiaz.scriptcue-n6f1Oy8bQiTB_70Jg3Velg==/base.apk
06-08 13:22:51.949 12386 12386 W SoLoader: Previously recorded 0 base apk paths.
06-08 13:22:51.949 12386 12386 I SoLoader: Preparing SO source: DirectorySoSource[root = /vendor/lib64 flags = 2]
06-08 13:22:51.949 12386 12386 I SoLoader: Preparing SO source: DirectorySoSource[root = /system/lib64 flags = 2]
06-08 13:22:51.949 12386 12386 I SoLoader: Preparing SO source: DirectApkSoSource[root = [/data/app/~~XF_GTucaNroKG4iQloWIog==/com.alexdiaz.scriptcue-n6f1Oy8bQiTB_70Jg3Velg==/base.apk!/lib/arm64-v8a]]
06-08 13:22:51.951 12386 12386 I SoLoader: Preparing SO source: ApplicationSoSource[DirectorySoSource[root = /data/app/~~XF_GTucaNroKG4iQloWIog==/com.alexdiaz.scriptcue-n6f1Oy8bQiTB_70Jg3Velg==/lib/arm64 flags = 0]]
06-08 13:22:51.951 12386 12386 I SoLoader: init finish: 4 SO sources prepared
06-08 13:22:51.951 12386 12386 W SoLoader: SoLoader initialized: 8
06-08 13:22:51.964   667  1175 W ProcessStats: Tracking association SourceState{d45ba4c system/1000 ImpBg #10146} whose proc state 6 is better than process ProcessState{7017647 com.android.vending/10152 pkg=com.android.vending (sub)} proc state 14 (5 skipped)
06-08 13:22:51.967 12386 12386 D nativeloader: Load /data/app/~~XF_GTucaNroKG4iQloWIog==/com.alexdiaz.scriptcue-n6f1Oy8bQiTB_70Jg3Velg==/base.apk!/lib/arm64-v8a/libc++_shared.so using class loader ns clns-9 (caller=/data/app/~~XF_GTucaNroKG4iQloWIog==/com.alexdiaz.scriptcue-n6f1Oy8bQiTB_70Jg3Velg==/base.apk!classes3.dex): ok
06-08 13:22:51.975   504   591 W skia    : AGTM parsing failed flags.readFromStream(s) at 159
06-08 13:22:51.976   504   591 W skia    : AGTM parsing failed flags.readFromStream(s) at 159
06-08 13:22:51.976  6867  6867 I Finsky  : [2] SCH: job service start with id 9247.
06-08 13:22:51.978 12386 12386 D nativeloader: Load /data/app/~~XF_GTucaNroKG4iQloWIog==/com.alexdiaz.scriptcue-n6f1Oy8bQiTB_70Jg3Velg==/base.apk!/lib/arm64-v8a/libjsi.so using class loader ns clns-9 (caller=/data/app/~~XF_GTucaNroKG4iQloWIog==/com.alexdiaz.scriptcue-n6f1Oy8bQiTB_70Jg3Velg==/base.apk!classes3.dex): ok
06-08 13:22:51.982 12386 12386 D nativeloader: Load /data/app/~~XF_GTucaNroKG4iQloWIog==/com.alexdiaz.scriptcue-n6f1Oy8bQiTB_70Jg3Velg==/base.apk!/lib/arm64-v8a/libfbjni.so using class loader ns clns-9 (caller=/data/app/~~XF_GTucaNroKG4iQloWIog==/com.alexdiaz.scriptcue-n6f1Oy8bQiTB_70Jg3Velg==/base.apk!classes3.dex): ok
06-08 13:22:51.996 12386 12386 D nativeloader: Load /data/app/~~XF_GTucaNroKG4iQloWIog==/com.alexdiaz.scriptcue-n6f1Oy8bQiTB_70Jg3Velg==/base.apk!/lib/arm64-v8a/libreactnative.so using class loader ns clns-9 (caller=/data/app/~~XF_GTucaNroKG4iQloWIog==/com.alexdiaz.scriptcue-n6f1Oy8bQiTB_70Jg3Velg==/base.apk!classes3.dex): ok
06-08 13:22:51.996 12386 12386 D jni_lib_merge: Entering merged library JNI_OnLoad.
06-08 13:22:51.996 12386 12386 D jni_lib_merge: Preparing 12 pre-merged libs (including stub)
06-08 13:22:51.996 12386 12386 D jni_lib_merge: Preparing to register libfabricjni_so.  onload_func: 0x7fcb324ceedc
06-08 13:22:51.996 12386 12386 D jni_lib_merge: Preparing to register libreact_devsupportjni_so.  onload_func: 0x7fcb3259ff40
06-08 13:22:51.996 12386 12386 D jni_lib_merge: Preparing to register libreact_featureflagsjni_so.  onload_func: 0x7fcb325b29f8
06-08 13:22:51.996 12386 12386 D jni_lib_merge: Preparing to register libreact_newarchdefaults_so.  onload_func: 0x7fcb325d7e30
06-08 13:22:51.996 12386 12386 D jni_lib_merge: Preparing to register libreactnativeblob_so.  onload_func: 0x7fcb3266a5b0
06-08 13:22:51.996 12386 12386 D jni_lib_merge: Preparing to register libreactnativejni_so.  onload_func: 0x7fcb32684b24
06-08 13:22:51.996 12386 12386 D jni_lib_merge: Preparing to register libreactnativejni_common_so.  onload_func: 0x7fcb3268b458
06-08 13:22:51.996 12386 12386 D jni_lib_merge: Preparing to register librninstance_so.  onload_func: 0x7fcb326a7070
06-08 13:22:51.996 12386 12386 D jni_lib_merge: Preparing to register libturbomodulejsijni_so.  onload_func: 0x7fcb3273f1a4
06-08 13:22:51.996 12386 12386 D jni_lib_merge: Preparing to register libuimanagerjni_so.  onload_func: 0x7fcb327467e0
06-08 13:22:51.996 12386 12386 D jni_lib_merge: Preparing to register libyoga_so.  onload_func: 0x7fcb3274dda4
06-08 13:22:51.996 12386 12386 D jni_lib_merge: About to register 11 actual methods.
06-08 13:22:52.004 12386 12386 D nativeloader: Load /data/app/~~XF_GTucaNroKG4iQloWIog==/com.alexdiaz.scriptcue-n6f1Oy8bQiTB_70Jg3Velg==/base.apk!/lib/arm64-v8a/libreact_codegen_rnscreens.so using class loader ns clns-9 (caller=/data/app/~~XF_GTucaNroKG4iQloWIog==/com.alexdiaz.scriptcue-n6f1Oy8bQiTB_70Jg3Velg==/base.apk!classes3.dex): ok
06-08 13:22:52.004 12386 12386 D jni_lib_merge: Entering merged library JNI_OnLoad.
06-08 13:22:52.004 12386 12386 D jni_lib_merge: Preparing 12 pre-merged libs (including stub)
06-08 13:22:52.004 12386 12386 D jni_lib_merge: Preparing to register libfabricjni_so.  onload_func: 0x7fcb324ceedc
06-08 13:22:52.004 12386 12386 D jni_lib_merge: Preparing to register libreact_devsupportjni_so.  onload_func: 0x7fcb3259ff40
06-08 13:22:52.004 12386 12386 D jni_lib_merge: Preparing to register libreact_featureflagsjni_so.  onload_func: 0x7fcb325b29f8
06-08 13:22:52.004 12386 12386 D jni_lib_merge: Preparing to register libreact_newarchdefaults_so.  onload_func: 0x7fcb325d7e30
06-08 13:22:52.004 12386 12386 D jni_lib_merge: Preparing to register libreactnativeblob_so.  onload_func: 0x7fcb3266a5b0
06-08 13:22:52.004 12386 12386 D jni_lib_merge: Preparing to register libreactnativejni_so.  onload_func: 0x7fcb32684b24
06-08 13:22:52.004 12386 12386 D jni_lib_merge: Preparing to register libreactnativejni_common_so.  onload_func: 0x7fcb3268b458
06-08 13:22:52.004 12386 12386 D jni_lib_merge: Preparing to register librninstance_so.  onload_func: 0x7fcb326a7070
06-08 13:22:52.004 12386 12386 D jni_lib_merge: Preparing to register libturbomodulejsijni_so.  onload_func: 0x7fcb3273f1a4
06-08 13:22:52.004 12386 12386 D jni_lib_merge: Preparing to register libuimanagerjni_so.  onload_func: 0x7fcb327467e0
06-08 13:22:52.004 12386 12386 D jni_lib_merge: Preparing to register libyoga_so.  onload_func: 0x7fcb3274dda4
06-08 13:22:52.004 12386 12386 D jni_lib_merge: About to register 11 actual methods.
06-08 13:22:52.006  6867 12317 I Finsky  : [229] SCH: Satisfied jobs for 9247 are: 12-1
06-08 13:22:52.007 12386 12386 D nativeloader: Load /data/app/~~XF_GTucaNroKG4iQloWIog==/com.alexdiaz.scriptcue-n6f1Oy8bQiTB_70Jg3Velg==/base.apk!/lib/arm64-v8a/libreact_codegen_RNCSlider.so using class loader ns clns-9 (caller=/data/app/~~XF_GTucaNroKG4iQloWIog==/com.alexdiaz.scriptcue-n6f1Oy8bQiTB_70Jg3Velg==/base.apk!classes3.dex): ok
06-08 13:22:52.010 12386 12386 D nativeloader: Load /data/app/~~XF_GTucaNroKG4iQloWIog==/com.alexdiaz.scriptcue-n6f1Oy8bQiTB_70Jg3Velg==/base.apk!/lib/arm64-v8a/libreact_codegen_rnsvg.so using class loader ns clns-9 (caller=/data/app/~~XF_GTucaNroKG4iQloWIog==/com.alexdiaz.scriptcue-n6f1Oy8bQiTB_70Jg3Velg==/base.apk!classes3.dex): ok
06-08 13:22:52.010 12386 12386 D jni_lib_merge: Entering merged library JNI_OnLoad.
06-08 13:22:52.011 12386 12386 D jni_lib_merge: Preparing 12 pre-merged libs (including stub)
06-08 13:22:52.011 12386 12386 D jni_lib_merge: Preparing to register libfabricjni_so.  onload_func: 0x7fcb324ceedc
06-08 13:22:52.011 12386 12386 D jni_lib_merge: Preparing to register libreact_devsupportjni_so.  onload_func: 0x7fcb3259ff40
06-08 13:22:52.011 12386 12386 D jni_lib_merge: Preparing to register libreact_featureflagsjni_so.  onload_func: 0x7fcb325b29f8
06-08 13:22:52.011 12386 12386 D jni_lib_merge: Preparing to register libreact_newarchdefaults_so.  onload_func: 0x7fcb325d7e30
06-08 13:22:52.011 12386 12386 D jni_lib_merge: Preparing to register libreactnativeblob_so.  onload_func: 0x7fcb3266a5b0
06-08 13:22:52.011 12386 12386 D jni_lib_merge: Preparing to register libreactnativejni_so.  onload_func: 0x7fcb32684b24
06-08 13:22:52.011 12386 12386 D jni_lib_merge: Preparing to register libreactnativejni_common_so.  onload_func: 0x7fcb3268b458
06-08 13:22:52.011 12386 12386 D jni_lib_merge: Preparing to register librninstance_so.  onload_func: 0x7fcb326a7070
06-08 13:22:52.011 12386 12386 D jni_lib_merge: Preparing to register libturbomodulejsijni_so.  onload_func: 0x7fcb3273f1a4
06-08 13:22:52.011 12386 12386 D jni_lib_merge: Preparing to register libuimanagerjni_so.  onload_func: 0x7fcb327467e0
06-08 13:22:52.011 12386 12386 D jni_lib_merge: Preparing to register libyoga_so.  onload_func: 0x7fcb3274dda4
06-08 13:22:52.011 12386 12386 D jni_lib_merge: About to register 11 actual methods.
06-08 13:22:52.012 12386 12386 D nativeloader: Load /data/app/~~XF_GTucaNroKG4iQloWIog==/com.alexdiaz.scriptcue-n6f1Oy8bQiTB_70Jg3Velg==/base.apk!/lib/arm64-v8a/libreact_codegen_safeareacontext.so using class loader ns clns-9 (caller=/data/app/~~XF_GTucaNroKG4iQloWIog==/com.alexdiaz.scriptcue-n6f1Oy8bQiTB_70Jg3Velg==/base.apk!classes3.dex): ok
06-08 13:22:52.016 12386 12386 D nativeloader: Load /data/app/~~XF_GTucaNroKG4iQloWIog==/com.alexdiaz.scriptcue-n6f1Oy8bQiTB_70Jg3Velg==/base.apk!/lib/arm64-v8a/libappmodules.so using class loader ns clns-9 (caller=/data/app/~~XF_GTucaNroKG4iQloWIog==/com.alexdiaz.scriptcue-n6f1Oy8bQiTB_70Jg3Velg==/base.apk!classes3.dex): ok
06-08 13:22:52.018 12386 12386 D DesktopExperienceFlags: Toggle override initialized to: false
06-08 13:22:52.023 12386 12404 I DisplayManager: Choreographer implicitly registered for the refresh rate.
06-08 13:22:52.024  6867 12402 I Finsky  : [237] SCH: Job 12-1 starting
06-08 13:22:52.024  6867  6867 I Finsky  : [2] WM::SCH: Logging work start for 12-1
06-08 13:22:52.038  6867  6867 I Finsky  : [2] [ContentSync] job started
06-08 13:22:52.040 12386 12386 D AppCompatDelegate: Checking for metadata for AppLocalesMetadataHolderService : Service not found
06-08 13:22:52.053 12386 12386 D CompatChangeReporter: Compat change id reported: 377864165; UID 10226; state: ENABLED
06-08 13:22:52.063   667   746 I PackageManager: getInstalledPackages: callingUid=10152 flags=134217728 updatedFlags=135004160 userId=0
06-08 13:22:52.065 12386 12404 I GFXSTREAM: [eglDisplay.cpp(297)] Opening libGLESv1_CM_emulation.so
06-08 13:22:52.065 12386 12404 I GFXSTREAM: [eglDisplay.cpp(297)] Opening libGLESv2_emulation.so
06-08 13:22:52.065 12386 12404 W libc    : Access denied finding property "vendor.mesa.virtgpu.kumquat"
06-08 13:22:52.067 12386 12404 W HWUI    : Failed to choose config with EGL_SWAP_BEHAVIOR_PRESERVED, retrying without...
06-08 13:22:52.067 12386 12404 W HWUI    : Failed to initialize 101010-2 format, error = EGL_SUCCESS
06-08 13:22:52.074 12386 12386 W WindowOnBackDispatcher: OnBackInvokedCallback is not enabled for the application.
06-08 13:22:52.074 12386 12386 W WindowOnBackDispatcher: Set 'android:enableOnBackInvokedCallback="true"' in the application manifest.
06-08 13:22:52.078   504   591 W skia    : AGTM parsing failed flags.readFromStream(s) at 159
06-08 13:22:52.078   504   591 W skia    : AGTM parsing failed flags.readFromStream(s) at 159
06-08 13:22:52.078  1259  1422 D SatelliteController: isInCarrierRoamingNbIotNtn: satellite is disabled
06-08 13:22:52.078  1259  1422 D SatelliteController: getCarrierRoamingNtnConnectType: Checking connect type from PLMN config for subId: 1
06-08 13:22:52.078  1259  1422 D TelephonyConfigUpdateInstallReceiver: getConfigParser: domain=satellite
06-08 13:22:52.078  1259  1422 V SatelliteController: satelliteConfigParser is not ready
06-08 13:22:52.078  1259  1422 D SatelliteController: isSatelliteAttachSupportedViaConfigupdater: return null (satelliteConfig is null)
06-08 13:22:52.079  1259  1422 D SatelliteController: getSatellitePerPlmnConfiguration: invalid subId or not supported via carrier.
06-08 13:22:52.079  1259  1422 D SatelliteController: getCarrierRoamingNtnConnectType: config: null
06-08 13:22:52.079  1259  1422 D TelephonyConfigUpdateInstallReceiver: getConfigParser: domain=satellite
06-08 13:22:52.079  1259  1422 V SatelliteController: satelliteConfigParser is not ready
06-08 13:22:52.079  1259  1422 D SatelliteController: getCarrierRoamingNtnConnectTypeViaConfigUpdater: return null (satelliteConfig is null)
06-08 13:22:52.079  1259  1422 D SatelliteController: getCarrierRoamingNtnConnectType: Falling back to global carrier config connect type: 0
06-08 13:22:52.080  1259  1422 D TelephonyConfigUpdateInstallReceiver: getConfigParser: domain=satellite
06-08 13:22:52.080  1259  1422 V SatelliteController: satelliteConfigParser is not ready
06-08 13:22:52.080  1259  1422 D SatelliteController: isSatelliteAttachSupportedViaConfigupdater: return null (satelliteConfig is null)
06-08 13:22:52.080  1259  1422 D SatelliteController: getCarrierRoamingNtnConnectType: Checking connect type from PLMN config for subId: 1
06-08 13:22:52.080  1259  1422 D TelephonyConfigUpdateInstallReceiver: getConfigParser: domain=satellite
06-08 13:22:52.080  1259  1422 V SatelliteController: satelliteConfigParser is not ready
06-08 13:22:52.080  1259  1422 D SatelliteController: isSatelliteAttachSupportedViaConfigupdater: return null (satelliteConfig is null)
06-08 13:22:52.080  1259  1422 D SatelliteController: getSatellitePerPlmnConfiguration: invalid subId or not supported via carrier.
06-08 13:22:52.080  1259  1422 D SatelliteController: getCarrierRoamingNtnConnectType: config: null
06-08 13:22:52.080  1259  1422 D TelephonyConfigUpdateInstallReceiver: getConfigParser: domain=satellite
06-08 13:22:52.080  1259  1422 V SatelliteController: satelliteConfigParser is not ready
06-08 13:22:52.080  1259  1422 D SatelliteController: getCarrierRoamingNtnConnectTypeViaConfigUpdater: return null (satelliteConfig is null)
06-08 13:22:52.080  1259  1422 D SatelliteController: getCarrierRoamingNtnConnectType: Falling back to global carrier config connect type: 0
06-08 13:22:52.080  1259  1422 D TelephonyConfigUpdateInstallReceiver: getConfigParser: domain=satellite
06-08 13:22:52.080  1259  1422 V SatelliteController: satelliteConfigParser is not ready
06-08 13:22:52.080  1259  1422 D SatelliteController: isSatelliteAttachSupportedViaConfigupdater: return null (satelliteConfig is null)
06-08 13:22:52.081 12386 12386 W HWUI    : Unknown dataspace 0
06-08 13:22:52.093   667   746 W InputChannel-JNI: Channel already disposed.
06-08 13:22:52.095 12386 12415 W libc    : Access denied finding property "vendor.mesa.virtgpu.kumquat"
06-08 13:22:52.103 12386 12386 D VRI[MainActivity]: WindowInsets changed: 1080x2424 statusBars:[0,137,0,0] navigationBars:[0,0,0,63] mandatorySystemGestures:[0,174,0,84] 
06-08 13:22:52.105 12386 12386 D WindowOnBackDispatcher: setTopOnBackInvokedCallback (unwrapped): android.view.ViewRootImpl$$ExternalSyntheticLambda14@f0f4417
06-08 13:22:52.106   667   745 D CoreBackPreview: Window{299da8c u0 com.alexdiaz.scriptcue/com.alexdiaz.scriptcue.MainActivity}: Setting back callback OnBackInvokedCallbackInfo{mCallback=android.window.IOnBackInvokedCallback$Stub$Proxy@bd2b3f, mPriority=0, mIsAnimationCallback=false, mOverrideBehavior=0}
06-08 13:22:52.107   667   682 D WindowManager: setClientSurface Surface(name=VRI-com.alexdiaz.scriptcue/com.alexdiaz.scriptcue.MainActivity#587)/@0x572cc0c for 299da8c com.alexdiaz.scriptcue/com.alexdiaz.scriptcue.MainActivity
06-08 13:22:52.109  6867  6873 W android.vending: Suspending all threads took: 8.936ms
06-08 13:22:52.109 12386 12386 I Surface : Creating surface for consumer unnamed-12386-0 with slotExpansion=1 for 64 slots
06-08 13:22:52.110 12386 12386 I Surface : Creating surface for consumer VRI[MainActivity]#0(BLAST Consumer)0 with slotExpansion=1 for 64 slots
06-08 13:22:52.115 12386 12411 I dev.expo.updates: {"timestamp":1780917772114,"message":"Updates state change: StartStartup, context = {isStartupProcedureRunning=true, isUpdateAvailable=false, isUpdatePending=false, isChecking=false, isDownloading=false, isRestarting=false, restartCount=0, downloadProgress=0.0, sequenceNumber=1}","code":"None","level":"info"}
06-08 13:22:52.117  6867 12407 I Finsky  : [238] App states replicator found 5 unowned apps
06-08 13:22:52.125 12386 12411 I dev.expo.updates: {"timestamp":1780917772125,"message":"embeddedAssetFileMap: embeddedAssets count = 29","code":"None","level":"info"}
06-08 13:22:52.126 12386 12411 I dev.expo.updates: {"timestamp":1780917772126,"message":"embeddedAssetFileMap: 778ffc9fe8773a878e9c30a6304784de,png => file:\/\/\/android_res\/drawable-mdpi\/node_modules_reactnavigation_elements_lib_module_assets_backicon.png","code":"None","level":"info"}
06-08 13:22:52.126 12386 12411 I dev.expo.updates: {"timestamp":1780917772126,"message":"embeddedAssetFileMap: c79c3606a1cf168006ad3979763c7e0c,png => file:\/\/\/android_res\/drawable-xhdpi\/node_modules_reactnavigation_elements_lib_module_assets_backicon.png","code":"None","level":"info"}
06-08 13:22:52.126 12386 12411 I dev.expo.updates: {"timestamp":1780917772126,"message":"embeddedAssetFileMap: 02bc1fa7c0313217bde2d65ccbff40c9,png => file:\/\/\/android_res\/drawable-xxhdpi\/node_modules_reactnavigation_elements_lib_module_assets_backicon.png","code":"None","level":"info"}
06-08 13:22:52.126 12386 12411 I dev.expo.updates: {"timestamp":1780917772126,"message":"embeddedAssetFileMap: 35ba0eaec5a4f5ed12ca16fabeae451d,png => file:\/\/\/android_res\/drawable-xxxhdpi\/node_modules_reactnavigation_elements_lib_module_assets_backicon.png","code":"None","level":"info"}
06-08 13:22:52.126 12386 12411 I dev.expo.updates: {"timestamp":1780917772126,"message":"embeddedAssetFileMap: 0a328cd9c1afd0afe8e3b1ec5165b1b4,png => file:\/\/\/android_res\/drawable\/node_modules_reactnavigation_elements_lib_module_assets_backiconmask.png","code":"None","level":"info"}
06-08 13:22:52.126 12386 12411 I dev.expo.updates: {"timestamp":1780917772126,"message":"embeddedAssetFileMap: 3cd68ccdb8938e3711da2e8831b85493,png => file:\/\/\/android_res\/drawable-mdpi\/node_modules_reactnavigation_elements_lib_module_assets_clearicon.png","code":"None","level":"info"}
06-08 13:22:52.126 12386 12411 I dev.expo.updates: {"timestamp":1780917772126,"message":"embeddedAssetFileMap: 61ca7e64b7d605716c57706cef640b9a,png => file:\/\/\/android_res\/drawable-mdpi\/node_modules_reactnavigation_elements_lib_module_assets_clearicon.png","code":"None","level":"info"}
06-08 13:22:52.126 12386 12411 I dev.expo.updates: {"timestamp":1780917772126,"message":"embeddedAssetFileMap: aff2c65b39a296d4f7e96d0f58169170,png => file:\/\/\/android_res\/drawable-xhdpi\/node_modules_reactnavigation_elements_lib_module_assets_clearicon.png","code":"None","level":"info"}
06-08 13:22:52.126   667   667 V ActivityThread: getPackageInfo() caused update to cached ApplicationInfo for package android
06-08 13:22:52.126 12386 12411 I dev.expo.updates: {"timestamp":1780917772126,"message":"embeddedAssetFileMap: d8e7601e3df962f83c62371ac14964d8,png => file:\/\/\/android_res\/drawable-xxhdpi\/node_modules_reactnavigation_elements_lib_module_assets_clearicon.png","code":"None","level":"info"}
06-08 13:22:52.126 12386 12411 I dev.expo.updates: {"timestamp":1780917772126,"message":"embeddedAssetFileMap: 3cd68ccdb8938e3711da2e8831b85493,png => file:\/\/\/android_res\/drawable-xxxhdpi\/node_modules_reactnavigation_elements_lib_module_assets_clearicon.png","code":"None","level":"info"}
06-08 13:22:52.126 12386 12411 I dev.expo.updates: {"timestamp":1780917772126,"message":"embeddedAssetFileMap: 0747a1317bbe9c6fc340b889ef8ab3ae,png => file:\/\/\/android_res\/drawable-mdpi\/node_modules_reactnavigation_elements_lib_module_assets_closeicon.png","code":"None","level":"info"}
06-08 13:22:52.126 12386 12411 I dev.expo.updates: {"timestamp":1780917772126,"message":"embeddedAssetFileMap: d84e297c3b3e49a614248143d53e40ca,png => file:\/\/\/android_res\/drawable-mdpi\/node_modules_reactnavigation_elements_lib_module_assets_closeicon.png","code":"None","level":"info"}
06-08 13:22:52.126 12386 12411 I dev.expo.updates: {"timestamp":1780917772126,"message":"embeddedAssetFileMap: 1190ab078c57159f4245a328118fcd9a,png => file:\/\/\/android_res\/drawable-xhdpi\/node_modules_reactnavigation_elements_lib_module_assets_closeicon.png","code":"None","level":"info"}
06-08 13:22:52.126 12386 12411 I dev.expo.updates: {"timestamp":1780917772126,"message":"embeddedAssetFileMap: 78c625386b4d0690b421eb0fc78f7b9c,png => file:\/\/\/android_res\/drawable-xxhdpi\/node_modules_reactnavigation_elements_lib_module_assets_closeicon.png","code":"None","level":"info"}
06-08 13:22:52.127 12386 12411 I dev.expo.updates: {"timestamp":1780917772126,"message":"embeddedAssetFileMap: 0747a1317bbe9c6fc340b889ef8ab3ae,png => file:\/\/\/android_res\/drawable-xxxhdpi\/node_modules_reactnavigation_elements_lib_module_assets_closeicon.png","code":"None","level":"info"}
06-08 13:22:52.127 12386 12411 I dev.expo.updates: {"timestamp":1780917772127,"message":"embeddedAssetFileMap: 4403c6117ec30c859bc95d70ce4a71d3,png => file:\/\/\/android_res\/drawable-mdpi\/node_modules_reactnavigation_elements_lib_module_assets_searchicon.png","code":"None","level":"info"}
06-08 13:22:52.127 12386 12411 I dev.expo.updates: {"timestamp":1780917772127,"message":"embeddedAssetFileMap: 069d99eb1fa6712c0b9034a58c6b57dd,png => file:\/\/\/android_res\/drawable-xhdpi\/node_modules_reactnavigation_elements_lib_module_assets_searchicon.png","code":"None","level":"info"}
06-08 13:22:52.127 12386 12411 I dev.expo.updates: {"timestamp":1780917772127,"message":"embeddedAssetFileMap: c3273c9e5321f20d1e42c2efae2578c4,png => file:\/\/\/android_res\/drawable-xxhdpi\/node_modules_reactnavigation_elements_lib_module_assets_searchicon.png","code":"None","level":"info"}
06-08 13:22:52.127 12386 12411 I dev.expo.updates: {"timestamp":1780917772127,"message":"embeddedAssetFileMap: 286d67d3f74808a60a78d3ebf1a5fb57,png => file:\/\/\/android_res\/drawable-xxxhdpi\/node_modules_reactnavigation_elements_lib_module_assets_searchicon.png","code":"None","level":"info"}
06-08 13:22:52.127 12386 12411 I dev.expo.updates: {"timestamp":1780917772127,"message":"embeddedAssetFileMap: d1ea1496f9057eb392d5bbf3732a61b7,png => file:\/\/\/android_res\/drawable\/node_modules_exporouter_assets_error.png","code":"None","level":"info"}
06-08 13:22:52.127 12386 12411 I dev.expo.updates: {"timestamp":1780917772127,"message":"embeddedAssetFileMap: 19eeb73b9593a38f8e9f418337fc7d10,png => file:\/\/\/android_res\/drawable\/node_modules_exporouter_assets_file.png","code":"None","level":"info"}
06-08 13:22:52.127  6867  6920 I Finsky  : [58] Completed 0 account content syncs with 0 successful.
06-08 13:22:52.127 12386 12411 I dev.expo.updates: {"timestamp":1780917772127,"message":"embeddedAssetFileMap: ab19f4cbc543357183a20571f68380a3,png => file:\/\/\/android_res\/drawable\/node_modules_exporouter_assets_pkg.png","code":"None","level":"info"}
06-08 13:22:52.127 12386 12411 I dev.expo.updates: {"timestamp":1780917772127,"message":"embeddedAssetFileMap: d8b800c443b8972542883e0b9de2bdc6,png => file:\/\/\/android_res\/drawable\/node_modules_exporouter_assets_forward.png","code":"None","level":"info"}
06-08 13:22:52.127 12386 12411 I dev.expo.updates: {"timestamp":1780917772127,"message":"embeddedAssetFileMap: 412dd9275b6b48ad28f5e3d81bb1f626,png => file:\/\/\/android_res\/drawable\/node_modules_exporouter_assets_sitemap.png","code":"None","level":"info"}
06-08 13:22:52.127  6867  6867 I Finsky  : [2] [ContentSync] Installation state replication succeeded.
06-08 13:22:52.127  6867  6867 I Finsky  : [2] SCH: jobFinished: 12-1. TimeElapsed: 102ms.
06-08 13:22:52.127 12386 12411 I dev.expo.updates: {"timestamp":1780917772127,"message":"embeddedAssetFileMap: 017bc6ba3fc25503e5eb5e53826d48a8,png => file:\/\/\/android_res\/drawable\/node_modules_exporouter_assets_arrow_down.png","code":"None","level":"info"}
06-08 13:22:52.127 12386 12411 I dev.expo.updates: {"timestamp":1780917772127,"message":"embeddedAssetFileMap: 20e71bdf79e3a97bf55fd9e164041578,png => file:\/\/\/android_res\/drawable\/node_modules_exporouter_assets_unmatched.png","code":"None","level":"info"}
06-08 13:22:52.127 12386 12411 I dev.expo.updates: {"timestamp":1780917772127,"message":"embeddedAssetFileMap: 96cfe2e8df8a308737e879ae1baefbb6,png => file:\/\/\/android_res\/drawable\/assets_images_icon.png","code":"None","level":"info"}
06-08 13:22:52.127 12386 12411 I dev.expo.updates: {"timestamp":1780917772127,"message":"embeddedAssetFileMap: 96cfe2e8df8a308737e879ae1baefbb6,png => file:\/\/\/android_res\/drawable\/assets_images_logo.png","code":"None","level":"info"}
06-08 13:22:52.127 12386 12411 I dev.expo.updates: {"timestamp":1780917772127,"message":"Updates state change: Check, context = {isStartupProcedureRunning=true, isUpdateAvailable=false, isUpdatePending=false, isChecking=true, isDownloading=false, isRestarting=false, restartCount=0, downloadProgress=0.0, sequenceNumber=2}","code":"None","level":"info"}
06-08 13:22:52.128  6867  6867 I Finsky  : [2] WM::SCH: Logging work end for 12-1
06-08 13:22:52.131  2610  3094 W AiAiEcho: LyftNotificationParser Ridesharing ETA not enabled
06-08 13:22:52.131  2610  3094 I AiAiEcho: SmartspaceNotificationPredictor no parser can handle this notification or notification is invalid
06-08 13:22:52.135 12386 12386 W unknown:BridgelessReact: ReactHost{0}.startSurface(surfaceId = 0): Schedule
06-08 13:22:52.135 12386 12386 W unknown:BridgelessReact: ReactHost{0}.attachSurface(surfaceId = 0)
06-08 13:22:52.137 12386 12431 W unknown:BridgelessReact: ReactHost{0}.getOrCreateReactInstanceTask()
06-08 13:22:52.137 12386 12431 W unknown:BridgelessReact: ReactHost{0}.getOrCreateReactInstanceTask(): Start
06-08 13:22:52.137 12386 12431 W unknown:BridgelessReact: ReactHost{0}.getJSBundleLoader()
06-08 13:22:52.138 12386 12431 W unknown:BridgelessReact: ReactHost{0}.getOrCreateReactContext(): Creating BridgelessReactContext
06-08 13:22:52.138 12386 12386 W unknown:BridgelessReact: ReactHost{0}.onHostResume(activity)
06-08 13:22:52.140 12386 12431 W unknown:BridgelessReact: ReactHost{0}.getOrCreateReactInstanceTask(): Creating ReactInstance
06-08 13:22:52.152 12386 12431 D nativeloader: Load /data/app/~~XF_GTucaNroKG4iQloWIog==/com.alexdiaz.scriptcue-n6f1Oy8bQiTB_70Jg3Velg==/base.apk!/lib/arm64-v8a/libhermes.so using class loader ns clns-9 (caller=/data/app/~~XF_GTucaNroKG4iQloWIog==/com.alexdiaz.scriptcue-n6f1Oy8bQiTB_70Jg3Velg==/base.apk!classes3.dex): ok
06-08 13:22:52.155 12386 12431 D nativeloader: Load /data/app/~~XF_GTucaNroKG4iQloWIog==/com.alexdiaz.scriptcue-n6f1Oy8bQiTB_70Jg3Velg==/base.apk!/lib/arm64-v8a/libhermestooling.so using class loader ns clns-9 (caller=/data/app/~~XF_GTucaNroKG4iQloWIog==/com.alexdiaz.scriptcue-n6f1Oy8bQiTB_70Jg3Velg==/base.apk!classes3.dex): ok
06-08 13:22:52.155 12386 12431 D jni_lib_merge: Entering merged library JNI_OnLoad.
06-08 13:22:52.156 12386 12431 D jni_lib_merge: Preparing 4 pre-merged libs (including stub)
06-08 13:22:52.156 12386 12431 D jni_lib_merge: Preparing to register libhermes_executor_so.  onload_func: 0x7fcb2a0df4b0
06-08 13:22:52.156 12386 12431 D jni_lib_merge: Preparing to register libhermesinstancejni_so.  onload_func: 0x7fcb2a0e6900
06-08 13:22:52.156 12386 12431 D jni_lib_merge: Preparing to register libjsijniprofiler_so.  onload_func: 0x7fcb2a0e70ec
06-08 13:22:52.156 12386 12431 D jni_lib_merge: About to register 3 actual methods.
06-08 13:22:52.156  6867  6925 I Finsky  : [62] SCH: Scheduling phonesky job Id: 1-1337, CT: 1780912499495, Constraints: [{ L: 28925605, D: 72125605, C: CHARGING_NONE, I: IDLE_NONE, N: NET_ANY, B: BATTERY_ANY }]
06-08 13:22:52.164  6867  6872 W android.vending: Missing inline cache for java.lang.Object qdf.apply(java.lang.Object)
06-08 13:22:52.164  6867  6872 W android.vending: Missing inline cache for java.lang.Object qdf.apply(java.lang.Object)
06-08 13:22:52.164  6867  6872 W android.vending: Missing inline cache for java.lang.Object qdf.apply(java.lang.Object)
06-08 13:22:52.164  6867  6872 W android.vending: Missing inline cache for java.lang.Object qdf.apply(java.lang.Object)
06-08 13:22:52.164  6867  6872 W android.vending: Missing inline cache for java.lang.Object qdf.apply(java.lang.Object)
06-08 13:22:52.164  6867  6872 W android.vending: Missing inline cache for java.lang.Object qdf.apply(java.lang.Object)
06-08 13:22:52.165  6867  6872 W android.vending: Missing inline cache for java.lang.Object qdf.apply(java.lang.Object)
06-08 13:22:52.168  6867  6921 I Finsky  : [59] SCH: Scheduling 1 system job(s)
06-08 13:22:52.168  6867  6921 I Finsky  : [59] SCH: Scheduling system job Id: 9250, L: 23652932, D: 66852932, C: false, I: false, N: 1
06-08 13:22:52.177   504   591 W skia    : AGTM parsing failed flags.readFromStream(s) at 159
06-08 13:22:52.177   504   591 W skia    : AGTM parsing failed flags.readFromStream(s) at 159
06-08 13:22:52.177   504   591 W skia    : AGTM parsing failed flags.readFromStream(s) at 159
06-08 13:22:52.179  6867 12402 I Finsky  : [237] SCH: job service finished with id 9247.
06-08 13:22:52.181  6867  6867 I Finsky  : [2] Memory trim requested to level 40
06-08 13:22:52.182  6867  6867 I Finsky  : [2] Flushing in-memory image cache
06-08 13:22:52.184  1103  2919 W libc    : Access denied finding property "vendor.mesa.virtgpu.kumquat"
06-08 13:22:52.185  1103  2919 W HWUI    : Failed to choose config with EGL_SWAP_BEHAVIOR_PRESERVED, retrying without...
06-08 13:22:52.185  1103  2919 W HWUI    : Failed to initialize 101010-2 format, error = EGL_SUCCESS
06-08 13:22:52.194 12386 12431 D nativeloader: Load /data/app/~~XF_GTucaNroKG4iQloWIog==/com.alexdiaz.scriptcue-n6f1Oy8bQiTB_70Jg3Velg==/base.apk!/lib/arm64-v8a/libNitroAudioRecorderPlayer.so using class loader ns clns-9 (caller=/data/app/~~XF_GTucaNroKG4iQloWIog==/com.alexdiaz.scriptcue-n6f1Oy8bQiTB_70Jg3Velg==/base.apk!classes4.dex): ok
06-08 13:22:52.199 12386 12431 D nativeloader: Load /data/app/~~XF_GTucaNroKG4iQloWIog==/com.alexdiaz.scriptcue-n6f1Oy8bQiTB_70Jg3Velg==/base.apk!/lib/arm64-v8a/libexpo-av.so using class loader ns clns-9 (caller=/data/app/~~XF_GTucaNroKG4iQloWIog==/com.alexdiaz.scriptcue-n6f1Oy8bQiTB_70Jg3Velg==/base.apk!classes4.dex): ok
06-08 13:22:52.207  1103  1147 V WindowManagerShell: Transition animation finished (aborted=false), notifying core (#61) android.os.BinderProxy@c76623c@0
06-08 13:22:52.210   667   689 V WindowManager: Finish Transition (#61): created at 06-08 13:22:51.807 collect-started=0.014ms request-sent=7.998ms started=15.022ms ready=59.381ms sent=64.507ms commit=32.292ms finished=401.172ms
06-08 13:22:52.210   667   689 V WindowManager: Finish Transition (#62): created at 06-08 13:22:51.897 collect-started=0.039ms started=0.051ms ready=0.387ms sent=1.333ms finished=312.984ms
06-08 13:22:52.210  1376  1376 D VRI[NexusLauncherActivity]: visibilityChanged oldVisibility=true newVisibility=false
06-08 13:22:52.211  1103  1357 D WallpaperService: onVisibilityChanged(false): com.android.systemui.wallpapers.ImageWallpaper$CanvasEngine@fc00508
06-08 13:22:52.212  1103  1147 V WindowManagerShell: Track 0 became idle
06-08 13:22:52.212  1103  1147 V WindowManagerShell: All active transition animations finished
06-08 13:22:52.219  1376  1376 D SmartspaceInteractor: notifySmartspaceEvent: SmartspaceTargetEvent{mSmartspaceTarget=null, mSmartspaceActionId='null', mEventType=7}
06-08 13:22:52.226  2610  2824 I AiAiEcho: AmbientDataPredictorImpl No tracked ambient data found for ID: null; for event type: 7, skipping event processing.
06-08 13:22:52.275 12386 12431 I ExpoModulesCore: ✅ AppContext was initialized
06-08 13:22:52.278   504   591 W skia    : AGTM parsing failed flags.readFromStream(s) at 159
06-08 13:22:52.296 12386 12431 W unknown:BridgelessReact: ReactHost{0}.getOrCreateReactInstanceTask(): Loading JS Bundle
06-08 13:22:52.296 12386 12431 W unknown:BridgelessReact: ReactHost{0}.getOrCreateReactInstanceTask(): Calling DevSupportManagerBase.onNewReactContextCreated(reactContext)
06-08 13:22:52.297 12386 12431 W unknown:BridgelessReact: ReactHost{0}.startSurface(surfaceId = 0): Execute
06-08 13:22:52.303 12386 12386 W unknown:BridgelessReact: ReactContext.onHostResume()
06-08 13:22:52.305 12386 12386 W unknown:BridgelessReact: ReactHost{0}.getOrCreateReactInstanceTask(): Executing ReactInstanceEventListeners
06-08 13:22:52.313 12386 12433 D nativeloader: Load /data/app/~~XF_GTucaNroKG4iQloWIog==/com.alexdiaz.scriptcue-n6f1Oy8bQiTB_70Jg3Velg==/base.apk!/lib/arm64-v8a/libexpo-modules-core.so using class loader ns clns-9 (caller=/data/app/~~XF_GTucaNroKG4iQloWIog==/com.alexdiaz.scriptcue-n6f1Oy8bQiTB_70Jg3Velg==/base.apk!classes3.dex): ok
06-08 13:22:52.321 12386 12433 W unknown:ViewManagerPropertyUpdater: Could not find generated setter for class com.th3rdwave.safeareacontext.SafeAreaProviderManager
06-08 13:22:52.322 12386 12433 W unknown:ViewManagerPropertyUpdater: Could not find generated setter for class com.facebook.react.uimanager.LayoutShadowNode
06-08 13:22:52.322 12386 12433 W unknown:ViewManagerPropertyUpdater: Could not find generated setter for class com.swmansion.rnscreens.SearchBarManager
06-08 13:22:52.323 12386 12433 W unknown:ViewManagerPropertyUpdater: Could not find generated setter for class expo.modules.kotlin.views.GroupViewManagerWrapper
06-08 13:22:52.323 12386 12433 W unknown:ViewManagerPropertyUpdater: Could not find generated setter for class com.swmansion.rnscreens.ScreenFooterManager
06-08 13:22:52.323 12386 12433 W unknown:ViewManagerPropertyUpdater: Could not find generated setter for class com.swmansion.rnscreens.gamma.tabs.TabScreenViewManager
06-08 13:22:52.323 12386 12433 W unknown:ViewManagerPropertyUpdater: Could not find generated setter for class com.swmansion.rnscreens.ScreenContainerViewManager
06-08 13:22:52.324 12386 12433 W unknown:ViewManagerPropertyUpdater: Could not find generated setter for class com.reactnativecommunity.slider.ReactSliderManager
06-08 13:22:52.324 12386 12433 W unknown:ViewManagerPropertyUpdater: Could not find generated setter for class com.swmansion.rnscreens.gamma.tabs.TabsHostViewManager
06-08 13:22:52.325 12386 12433 W unknown:ViewManagerPropertyUpdater: Could not find generated setter for class com.reactnativecommunity.webview.RNCWebViewManager
06-08 13:22:52.325 12386 12433 W unknown:ViewManagerPropertyUpdater: Could not find generated setter for class com.swmansion.rnscreens.ModalScreenViewManager
06-08 13:22:52.326 12386 12433 W unknown:ViewManagerPropertyUpdater: Could not find generated setter for class com.swmansion.rnscreens.ScreenStackHeaderConfigViewManager
06-08 13:22:52.326 12386 12433 W unknown:ViewManagerPropertyUpdater: Could not find generated setter for class com.swmansion.rnscreens.ScreenContentWrapperManager
06-08 13:22:52.326 12386 12433 W unknown:ViewManagerPropertyUpdater: Could not find generated setter for class com.th3rdwave.safeareacontext.SafeAreaViewManager
06-08 13:22:52.326 12386 12433 W unknown:ViewManagerPropertyUpdater: Could not find generated setter for class com.th3rdwave.safeareacontext.SafeAreaViewShadowNode
06-08 13:22:52.327 12386 12433 W unknown:ViewManagerPropertyUpdater: Could not find generated setter for class com.swmansion.rnscreens.ScreenViewManager
06-08 13:22:52.327 12386 12433 W unknown:ViewManagerPropertyUpdater: Could not find generated setter for class expo.modules.kotlin.views.SimpleViewManagerWrapper
06-08 13:22:52.327 12386 12433 W unknown:ViewManagerPropertyUpdater: Could not find generated setter for class com.swmansion.rnscreens.ScreenStackHeaderSubviewManager
06-08 13:22:52.327 12386 12433 W unknown:ViewManagerPropertyUpdater: Could not find generated setter for class com.swmansion.rnscreens.ScreenStackViewManager
06-08 13:22:52.334 12386 12433 W unknown:ViewManagerPropertyUpdater: Could not find generated setter for class com.horcrux.svg.RenderableViewManager$DefsViewManager
06-08 13:22:52.334 12386 12433 W unknown:ViewManagerPropertyUpdater: Could not find generated setter for class com.horcrux.svg.VirtualViewManager$RenderableShadowNode
06-08 13:22:52.335 12386 12433 W unknown:ViewManagerPropertyUpdater: Could not find generated setter for class com.horcrux.svg.RenderableViewManager$FeMergeManager
06-08 13:22:52.335 12386 12433 W unknown:ViewManagerPropertyUpdater: Could not find generated setter for class com.facebook.react.views.safeareaview.ReactSafeAreaViewManager
06-08 13:22:52.335 12386 12433 W unknown:ViewManagerPropertyUpdater: Could not find generated setter for class com.facebook.react.views.safeareaview.ReactSafeAreaViewShadowNode
06-08 13:22:52.336 12386 12433 W unknown:ViewManagerPropertyUpdater: Could not find generated setter for class com.horcrux.svg.RenderableViewManager$LinearGradientManager
06-08 13:22:52.336 12386 12433 W unknown:ViewManagerPropertyUpdater: Could not find generated setter for class com.horcrux.svg.RenderableViewManager$FeGaussianBlurManager
06-08 13:22:52.337 12386 12433 W unknown:ViewManagerPropertyUpdater: Could not find generated setter for class com.facebook.react.views.progressbar.ReactProgressBarViewManager
06-08 13:22:52.337 12386 12433 W unknown:ViewManagerPropertyUpdater: Could not find generated setter for class com.facebook.react.views.progressbar.ProgressBarShadowNode
06-08 13:22:52.338 12386 12433 W unknown:ViewManagerPropertyUpdater: Could not find generated setter for class com.facebook.react.views.scroll.ReactHorizontalScrollViewManager
06-08 13:22:52.338 12386 12433 W unknown:ViewManagerPropertyUpdater: Could not find generated setter for class com.facebook.react.views.text.ReactTextViewManager
06-08 13:22:52.339 12386 12433 W unknown:ViewManagerPropertyUpdater: Could not find generated setter for class com.facebook.react.views.text.ReactTextShadowNode
06-08 13:22:52.339 12386 12433 W unknown:ViewManagerPropertyUpdater: Could not find generated setter for class com.horcrux.svg.RenderableViewManager$FeColorMatrixManager
06-08 13:22:52.340 12386 12433 W unknown:ViewManagerPropertyUpdater: Could not find generated setter for class com.facebook.react.views.scroll.ReactHorizontalScrollContainerViewManager
06-08 13:22:52.340 12386 12433 W unknown:ViewManagerPropertyUpdater: Could not find generated setter for class com.horcrux.svg.RenderableViewManager$ClipPathViewManager
06-08 13:22:52.341 12386 12433 W unknown:ViewManagerPropertyUpdater: Could not find generated setter for class com.horcrux.svg.RenderableViewManager$SymbolManager
06-08 13:22:52.341 12386 12433 W unknown:ViewManagerPropertyUpdater: Could not find generated setter for class com.horcrux.svg.RenderableViewManager$PatternManager
06-08 13:22:52.342 12386 12433 W unknown:ViewManagerPropertyUpdater: Could not find generated setter for class com.horcrux.svg.RenderableViewManager$FeBlendManager
06-08 13:22:52.342 12386 12433 W unknown:ViewManagerPropertyUpdater: Could not find generated setter for class com.facebook.react.views.view.ReactViewManager
06-08 13:22:52.343 12386 12433 W unknown:ViewManagerPropertyUpdater: Could not find generated setter for class com.horcrux.svg.SvgViewManager
06-08 13:22:52.343 12386 12433 W unknown:ViewManagerPropertyUpdater: Could not find generated setter for class com.facebook.react.views.switchview.ReactSwitchManager
06-08 13:22:52.343 12386 12433 W unknown:ViewManagerPropertyUpdater: Could not find generated setter for class com.facebook.react.views.switchview.ReactSwitchShadowNode
06-08 13:22:52.344 12386 12433 W unknown:ViewManagerPropertyUpdater: Could not find generated setter for class com.horcrux.svg.RenderableViewManager$UseViewManager
06-08 13:22:52.344 12386 12433 W unknown:ViewManagerPropertyUpdater: Could not find generated setter for class com.horcrux.svg.RenderableViewManager$CircleViewManager
06-08 13:22:52.345 12386 12433 W unknown:ViewManagerPropertyUpdater: Could not find generated setter for class com.horcrux.svg.RenderableViewManager$TSpanViewManager
06-08 13:22:52.345 12386 12433 W unknown:ViewManagerPropertyUpdater: Could not find generated setter for class com.horcrux.svg.RenderableViewManager$FilterManager
06-08 13:22:52.346 12386 12433 W unknown:ViewManagerPropertyUpdater: Could not find generated setter for class com.horcrux.svg.RenderableViewManager$MarkerManager
06-08 13:22:52.347 12386 12433 W unknown:ViewManagerPropertyUpdater: Could not find generated setter for class com.swmansion.gesturehandler.react.RNGestureHandlerButtonViewManager
06-08 13:22:52.347 12386 12433 W unknown:ViewManagerPropertyUpdater: Could not find generated setter for class com.facebook.react.views.modal.ReactModalHostManager
06-08 13:22:52.348 12386 12433 W unknown:ViewManagerPropertyUpdater: Could not find generated setter for class com.horcrux.svg.RenderableViewManager$ForeignObjectManager
06-08 13:22:52.348 12386 12433 W unknown:ViewManagerPropertyUpdater: Could not find generated setter for class com.horcrux.svg.RenderableViewManager$EllipseViewManager
06-08 13:22:52.349 12386 12433 W unknown:ViewManagerPropertyUpdater: Could not find generated setter for class com.horcrux.svg.RenderableViewManager$LineViewManager
06-08 13:22:52.349 12386 12433 W unknown:ViewManagerPropertyUpdater: Could not find generated setter for class com.facebook.react.views.text.frescosupport.FrescoBasedReactTextInlineImageViewManager
06-08 13:22:52.350 12386 12433 W unknown:ViewManagerPropertyUpdater: Could not find generated setter for class com.facebook.react.views.text.frescosupport.FrescoBasedReactTextInlineImageShadowNode
06-08 13:22:52.350 12386 12433 W unknown:ViewManagerPropertyUpdater: Could not find generated setter for class com.horcrux.svg.RenderableViewManager$FeFloodManager
06-08 13:22:52.350 12386 12433 W unknown:ViewManagerPropertyUpdater: Could not find generated setter for class com.horcrux.svg.RenderableViewManager$GroupViewManager
06-08 13:22:52.351 12386 12433 W unknown:ViewManagerPropertyUpdater: Could not find generated setter for class com.horcrux.svg.RenderableViewManager$TextViewManager
06-08 13:22:52.351 12386 12433 W unknown:ViewManagerPropertyUpdater: Could not find generated setter for class com.horcrux.svg.RenderableViewManager$ImageViewManager
06-08 13:22:52.352 12386 12433 W unknown:ViewManagerPropertyUpdater: Could not find generated setter for class com.horcrux.svg.RenderableViewManager$FeCompositeManager
06-08 13:22:52.352 12386 12433 W unknown:ViewManagerPropertyUpdater: Could not find generated setter for class com.facebook.react.views.image.ReactImageManager
06-08 13:22:52.353 12386 12433 W unknown:ViewManagerPropertyUpdater: Could not find generated setter for class com.horcrux.svg.RenderableViewManager$RadialGradientManager
06-08 13:22:52.353 12386 12433 W unknown:ViewManagerPropertyUpdater: Could not find generated setter for class com.horcrux.svg.RenderableViewManager$MaskManager
06-08 13:22:52.354 12386 12433 W unknown:ViewManagerPropertyUpdater: Could not find generated setter for class com.facebook.react.views.unimplementedview.ReactUnimplementedViewManager
06-08 13:22:52.354 12386 12433 W unknown:ViewManagerPropertyUpdater: Could not find generated setter for class com.horcrux.svg.RenderableViewManager$RectViewManager
06-08 13:22:52.355 12386 12433 W unknown:ViewManagerPropertyUpdater: Could not find generated setter for class com.horcrux.svg.RenderableViewManager$TextPathViewManager
06-08 13:22:52.355 12386 12433 W unknown:ViewManagerPropertyUpdater: Could not find generated setter for class com.facebook.react.views.scroll.ReactScrollViewManager
06-08 13:22:52.356 12386 12433 W unknown:ViewManagerPropertyUpdater: Could not find generated setter for class com.horcrux.svg.RenderableViewManager$FeOffsetManager
06-08 13:22:52.356 12386 12433 W unknown:ViewManagerPropertyUpdater: Could not find generated setter for class com.horcrux.svg.RenderableViewManager$PathViewManager
06-08 13:22:52.357 12386 12433 W unknown:ViewManagerPropertyUpdater: Could not find generated setter for class com.facebook.react.views.drawer.ReactDrawerLayoutManager
06-08 13:22:52.357 12386 12433 W unknown:ViewManagerPropertyUpdater: Could not find generated setter for class com.facebook.react.views.text.ReactVirtualTextViewManager
06-08 13:22:52.357 12386 12433 W unknown:ViewManagerPropertyUpdater: Could not find generated setter for class com.facebook.react.views.text.ReactVirtualTextShadowNode
06-08 13:22:52.358 12386 12433 W unknown:ViewManagerPropertyUpdater: Could not find generated setter for class com.facebook.react.views.swiperefresh.SwipeRefreshLayoutManager
06-08 13:22:52.358 12386 12433 W unknown:ViewManagerPropertyUpdater: Could not find generated setter for class com.facebook.react.views.text.ReactRawTextManager
06-08 13:22:52.358 12386 12433 W unknown:ViewManagerPropertyUpdater: Could not find generated setter for class com.facebook.react.views.text.ReactRawTextShadowNode
06-08 13:22:52.358 12386 12433 W unknown:ViewManagerPropertyUpdater: Could not find generated setter for class com.facebook.react.views.textinput.ReactTextInputManager
06-08 13:22:52.359 12386 12433 W unknown:ViewManagerPropertyUpdater: Could not find generated setter for class com.facebook.react.views.textinput.ReactTextInputShadowNode
06-08 13:22:52.359 12386 12433 W unknown:ViewManagerPropertyUpdater: Could not find generated setter for class com.swmansion.gesturehandler.react.RNGestureHandlerRootViewManager
06-08 13:22:52.361 12386 12433 E AVManager: Cannot install JSI bindings for AV module because JS context is not available
06-08 13:22:52.361 12386 12433 W BridgelessReactContext: [WARNING] Bridgeless doesn't support CatalystInstance. Accessing an API that's not part of the new architecture is not encouraged usage.
06-08 13:22:52.363 12386 12433 I ExpoModulesCore: ✅ JSI interop was installed
06-08 13:22:52.364 12386 12433 I ExpoModulesCore: ✅ Constants were exported
06-08 13:22:52.364 12386 12433 I dev.expo.updates: {"timestamp":1780917772364,"message":"UpdatesModule: getConstants called","code":"None","level":"info"}
06-08 13:22:52.384 12386 12433 D nativeloader: Load /data/app/~~XF_GTucaNroKG4iQloWIog==/com.alexdiaz.scriptcue-n6f1Oy8bQiTB_70Jg3Velg==/base.apk!/lib/arm64-v8a/librnscreens.so using class loader ns clns-9 (caller=/data/app/~~XF_GTucaNroKG4iQloWIog==/com.alexdiaz.scriptcue-n6f1Oy8bQiTB_70Jg3Velg==/base.apk!classes4.dex): ok
06-08 13:22:52.388 12386 12433 I ReactNativeJS: Running "main"
06-08 13:22:52.406 12386 12433 D nativeloader: Load /data/app/~~XF_GTucaNroKG4iQloWIog==/com.alexdiaz.scriptcue-n6f1Oy8bQiTB_70Jg3Velg==/base.apk!/lib/arm64-v8a/libworklets.so using class loader ns clns-9 (caller=/data/app/~~XF_GTucaNroKG4iQloWIog==/com.alexdiaz.scriptcue-n6f1Oy8bQiTB_70Jg3Velg==/base.apk!classes3.dex): ok
06-08 13:22:52.416 12386 12433 D nativeloader: Load /data/app/~~XF_GTucaNroKG4iQloWIog==/com.alexdiaz.scriptcue-n6f1Oy8bQiTB_70Jg3Velg==/base.apk!/lib/arm64-v8a/libreanimated.so using class loader ns clns-9 (caller=/data/app/~~XF_GTucaNroKG4iQloWIog==/com.alexdiaz.scriptcue-n6f1Oy8bQiTB_70Jg3Velg==/base.apk!classes3.dex): ok
06-08 13:22:52.420 12386 12411 E dev.expo.updates: {"timestamp":1780917772420,"message":"Remote update request not successful","code":"UpdateFailedToLoad","level":"error","stacktrace":["expo.modules.updates.loader.FileDownloader.downloadRemoteUpdate(FileDownloader.kt:329)","expo.modules.updates.loader.RemoteLoader.loadRemoteUpdate(RemoteLoader.kt:53)","expo.modules.updates.loader.Loader.load(Loader.kt:95)","expo.modules.updates.loader.LoaderTask.launchRemoteUpdateInBackground(LoaderTask.kt:328)","expo.modules.updates.loader.LoaderTask.launchRemoteUpdate(LoaderTask.kt:205)","expo.modules.updates.loader.LoaderTask.start(LoaderTask.kt:184)","expo.modules.updates.loader.LoaderTask$start$1.invokeSuspend(LoaderTask.kt:14)","kotlin.coroutines.jvm.internal.BaseContinuationImpl.resumeWith(ContinuationImpl.kt:33)","kotlinx.coroutines.DispatchedTask.run(DispatchedTask.kt:101)","kotlinx.coroutines.internal.LimitedDispatcher$Worker.run(LimitedDispatcher.kt:113)","kotlinx.coroutines.scheduling.TaskImpl.run(Tasks.kt:89)","kotlinx.coroutines.scheduling.CoroutineScheduler.runSafely(CoroutineScheduler.kt:589)","kotlinx.coroutines.scheduling.CoroutineScheduler$Worker.executeTask(CoroutineScheduler.kt:823)","kotlinx.coroutines.scheduling.CoroutineScheduler$Worker.runWorker(CoroutineScheduler.kt:720)","kotlinx.coroutines.scheduling.CoroutineScheduler$Worker.run(CoroutineScheduler.kt:707)"]}
06-08 13:22:52.420 12386 12411 E dev.expo.updates: {"timestamp":1780917772420,"message":"Failed to download remote update","code":"UpdateFailedToLoad","level":"error","stacktrace":["expo.modules.updates.loader.FileDownloader.downloadRemoteUpdate(FileDownloader.kt:331)","expo.modules.updates.loader.RemoteLoader.loadRemoteUpdate(RemoteLoader.kt:53)","expo.modules.updates.loader.Loader.load(Loader.kt:95)","expo.modules.updates.loader.LoaderTask.launchRemoteUpdateInBackground(LoaderTask.kt:328)","expo.modules.updates.loader.LoaderTask.launchRemoteUpdate(LoaderTask.kt:205)","expo.modules.updates.loader.LoaderTask.start(LoaderTask.kt:184)","expo.modules.updates.loader.LoaderTask$start$1.invokeSuspend(LoaderTask.kt:14)","kotlin.coroutines.jvm.internal.BaseContinuationImpl.resumeWith(ContinuationImpl.kt:33)","kotlinx.coroutines.DispatchedTask.run(DispatchedTask.kt:101)","kotlinx.coroutines.internal.LimitedDispatcher$Worker.run(LimitedDispatcher.kt:113)","kotlinx.coroutines.scheduling.TaskImpl.run(Tasks.kt:89)","kotlinx.coroutines.scheduling.CoroutineScheduler.runSafely(CoroutineScheduler.kt:589)","kotlinx.coroutines.scheduling.CoroutineScheduler$Worker.executeTask(CoroutineScheduler.kt:823)","kotlinx.coroutines.scheduling.CoroutineScheduler$Worker.runWorker(CoroutineScheduler.kt:720)","kotlinx.coroutines.scheduling.CoroutineScheduler$Worker.run(CoroutineScheduler.kt:707)"]}
06-08 13:22:52.420 12386 12411 E dev.expo.updates: {"timestamp":1780917772420,"message":"Load error","code":"UpdateFailedToLoad","level":"error","stacktrace":["expo.modules.updates.loader.FileDownloader.downloadRemoteUpdate(FileDownloader.kt:338)","expo.modules.updates.loader.RemoteLoader.loadRemoteUpdate(RemoteLoader.kt:53)","expo.modules.updates.loader.Loader.load(Loader.kt:95)","expo.modules.updates.loader.LoaderTask.launchRemoteUpdateInBackground(LoaderTask.kt:328)","expo.modules.updates.loader.LoaderTask.launchRemoteUpdate(LoaderTask.kt:205)","expo.modules.updates.loader.LoaderTask.start(LoaderTask.kt:184)","expo.modules.updates.loader.LoaderTask$start$1.invokeSuspend(LoaderTask.kt:14)","kotlin.coroutines.jvm.internal.BaseContinuationImpl.resumeWith(ContinuationImpl.kt:33)","kotlinx.coroutines.DispatchedTask.run(DispatchedTask.kt:101)","kotlinx.coroutines.internal.LimitedDispatcher$Worker.run(LimitedDispatcher.kt:113)","kotlinx.coroutines.scheduling.TaskImpl.run(Tasks.kt:89)","kotlinx.coroutines.scheduling.CoroutineScheduler.runSafely(CoroutineScheduler.kt:589)","kotlinx.coroutines.scheduling.CoroutineScheduler$Worker.executeTask(CoroutineScheduler.kt:823)","kotlinx.coroutines.scheduling.CoroutineScheduler$Worker.runWorker(CoroutineScheduler.kt:720)","kotlinx.coroutines.scheduling.CoroutineScheduler$Worker.run(CoroutineScheduler.kt:707)"]}
06-08 13:22:52.420 12386 12411 E dev.expo.updates: {"timestamp":1780917772420,"message":"UpdatesController onBackgroundUpdateFinished","code":"Unknown","level":"error","stacktrace":["expo.modules.updates.loader.FileDownloader.downloadRemoteUpdate(FileDownloader.kt:338)","expo.modules.updates.loader.RemoteLoader.loadRemoteUpdate(RemoteLoader.kt:53)","expo.modules.updates.loader.Loader.load(Loader.kt:95)","expo.modules.updates.loader.LoaderTask.launchRemoteUpdateInBackground(LoaderTask.kt:328)","expo.modules.updates.loader.LoaderTask.launchRemoteUpdate(LoaderTask.kt:205)","expo.modules.updates.loader.LoaderTask.start(LoaderTask.kt:184)","expo.modules.updates.loader.LoaderTask$start$1.invokeSuspend(LoaderTask.kt:14)","kotlin.coroutines.jvm.internal.BaseContinuationImpl.resumeWith(ContinuationImpl.kt:33)","kotlinx.coroutines.DispatchedTask.run(DispatchedTask.kt:101)","kotlinx.coroutines.internal.LimitedDispatcher$Worker.run(LimitedDispatcher.kt:113)","kotlinx.coroutines.scheduling.TaskImpl.run(Tasks.kt:89)","kotlinx.coroutines.scheduling.CoroutineScheduler.runSafely(CoroutineScheduler.kt:589)","kotlinx.coroutines.scheduling.CoroutineScheduler$Worker.executeTask(CoroutineScheduler.kt:823)","kotlinx.coroutines.scheduling.CoroutineScheduler$Worker.runWorker(CoroutineScheduler.kt:720)","kotlinx.coroutines.scheduling.CoroutineScheduler$Worker.run(CoroutineScheduler.kt:707)"]}
06-08 13:22:52.424 12386 12411 I dev.expo.updates: {"timestamp":1780917772424,"message":"Updates state change: CheckError, context = {isStartupProcedureRunning=true, isUpdateAvailable=false, isUpdatePending=false, isChecking=false, isDownloading=false, isRestarting=false, restartCount=0, downloadProgress=0.0, sequenceNumber=3, checkError={message=Failed to download remote update}, lastCheckForUpdateTime=Mon Jun 08 13:22:52 GMT+02:00 2026}","code":"None","level":"info"}
06-08 13:22:52.424 12386 12411 I dev.expo.updates: {"timestamp":1780917772424,"message":"ErrorRecovery: remote load status changed: IDLE","code":"None","level":"info"}
06-08 13:22:52.424 12386 12411 E dev.expo.updates: {"timestamp":1780917772424,"message":"Failed to download remote update","code":"UpdateFailedToLoad","level":"error","stacktrace":["expo.modules.updates.loader.FileDownloader.downloadRemoteUpdate(FileDownloader.kt:338)","expo.modules.updates.loader.RemoteLoader.loadRemoteUpdate(RemoteLoader.kt:53)","expo.modules.updates.loader.Loader.load(Loader.kt:95)","expo.modules.updates.loader.LoaderTask.launchRemoteUpdateInBackground(LoaderTask.kt:328)","expo.modules.updates.loader.LoaderTask.launchRemoteUpdate(LoaderTask.kt:205)","expo.modules.updates.loader.LoaderTask.start(LoaderTask.kt:184)","expo.modules.updates.loader.LoaderTask$start$1.invokeSuspend(LoaderTask.kt:14)","kotlin.coroutines.jvm.internal.BaseContinuationImpl.resumeWith(ContinuationImpl.kt:33)","kotlinx.coroutines.DispatchedTask.run(DispatchedTask.kt:101)","kotlinx.coroutines.internal.LimitedDispatcher$Worker.run(LimitedDispatcher.kt:113)","kotlinx.coroutines.scheduling.TaskImpl.run(Tasks.kt:89)","kotlinx.coroutines.scheduling.CoroutineScheduler.runSafely(CoroutineScheduler.kt:589)","kotlinx.coroutines.scheduling.CoroutineScheduler$Worker.executeTask(CoroutineScheduler.kt:823)","kotlinx.coroutines.scheduling.CoroutineScheduler$Worker.runWorker(CoroutineScheduler.kt:720)","kotlinx.coroutines.scheduling.CoroutineScheduler$Worker.run(CoroutineScheduler.kt:707)"]}
06-08 13:22:52.425 12386 12411 I dev.expo.updates: {"timestamp":1780917772425,"message":"Updates state change: EndStartup, context = {isStartupProcedureRunning=false, isUpdateAvailable=false, isUpdatePending=false, isChecking=false, isDownloading=false, isRestarting=false, restartCount=0, downloadProgress=0.0, sequenceNumber=4, checkError={message=Failed to download remote update}, lastCheckForUpdateTime=Mon Jun 08 13:22:52 GMT+02:00 2026}","code":"None","level":"info"}
06-08 13:22:52.439 12386 12433 I ReactNativeJS: ✅ Supabase client initialized successfully
06-08 13:22:52.440 12386 12433 W ReactNativeJS: [expo-av]: Expo AV has been deprecated and will be removed in SDK 54. Use the `expo-audio` and `expo-video` packages to replace the required functionality.
06-08 13:22:52.474 12386 12433 W ReactNativeJS: '[Layout children]: No route named "scripts/[id]/index" exists in nested children:', [ '+not-found',
06-08 13:22:52.474 12386 12433 W ReactNativeJS:   'auth',
06-08 13:22:52.474 12386 12433 W ReactNativeJS:   'faqs',
06-08 13:22:52.474 12386 12433 W ReactNativeJS:   'import-script',
06-08 13:22:52.474 12386 12433 W ReactNativeJS:   'scan-script',
06-08 13:22:52.474 12386 12433 W ReactNativeJS:   '(tabs)',
06-08 13:22:52.474 12386 12433 W ReactNativeJS:   'auth/callback',
06-08 13:22:52.474 12386 12433 W ReactNativeJS:   'legal/ai-usage',
06-08 13:22:52.474 12386 12433 W ReactNativeJS:   'legal/privacy',
06-08 13:22:52.474 12386 12433 W ReactNativeJS:   'legal/terms',
06-08 13:22:52.474 12386 12433 W ReactNativeJS:   'scripts' ]
06-08 13:22:52.474 12386 12433 W ReactNativeJS: '[Layout children]: No route named "scripts/[id]/record" exists in nested children:', [ '+not-found',
06-08 13:22:52.474 12386 12433 W ReactNativeJS:   'auth',
06-08 13:22:52.474 12386 12433 W ReactNativeJS:   'faqs',
06-08 13:22:52.474 12386 12433 W ReactNativeJS:   'import-script',
06-08 13:22:52.474 12386 12433 W ReactNativeJS:   'scan-script',
06-08 13:22:52.474 12386 12433 W ReactNativeJS:   '(tabs)',
06-08 13:22:52.474 12386 12433 W ReactNativeJS:   'auth/callback',
06-08 13:22:52.474 12386 12433 W ReactNativeJS:   'legal/ai-usage',
06-08 13:22:52.474 12386 12433 W ReactNativeJS:   'legal/privacy',
06-08 13:22:52.474 12386 12433 W ReactNativeJS:   'legal/terms',
06-08 13:22:52.474 12386 12433 W ReactNativeJS:   'scripts' ]
06-08 13:22:52.474 12386 12433 W ReactNativeJS: '[Layout children]: No route named "scripts/[id]/memory" exists in nested children:', [ '+not-found',
06-08 13:22:52.474 12386 12433 W ReactNativeJS:   'auth',
06-08 13:22:52.474 12386 12433 W ReactNativeJS:   'faqs',
06-08 13:22:52.474 12386 12433 W ReactNativeJS:   'import-script',
06-08 13:22:52.474 12386 12433 W ReactNativeJS:   'scan-script',
06-08 13:22:52.474 12386 12433 W ReactNativeJS:   '(tabs)',
06-08 13:22:52.474 12386 12433 W ReactNativeJS:   'auth/callback',
06-08 13:22:52.474 12386 12433 W ReactNativeJS:   'legal/ai-usage',
06-08 13:22:52.474 12386 12433 W ReactNativeJS:   'legal/privacy',
06-08 13:22:52.474 12386 12433 W ReactNativeJS:   'legal/terms',
06-08 13:22:52.474 12386 12433 W ReactNativeJS:   'scripts' ]
06-08 13:22:52.474 12386 12433 W ReactNativeJS: '[Layout children]: No route named "scripts/[id]/studio-v2" exists in nested children:', [ '+not-found',
06-08 13:22:52.474 12386 12433 W ReactNativeJS:   'auth',
06-08 13:22:52.474 12386 12433 W ReactNativeJS:   'faqs',
06-08 13:22:52.474 12386 12433 W ReactNativeJS:   'import-script',
06-08 13:22:52.474 12386 12433 W ReactNativeJS:   'scan-script',
06-08 13:22:52.474 12386 12433 W ReactNativeJS:   '(tabs)',
06-08 13:22:52.474 12386 12433 W ReactNativeJS:   'auth/callback',
06-08 13:22:52.474 12386 12433 W ReactNativeJS:   'legal/ai-usage',
06-08 13:22:52.474 12386 12433 W ReactNativeJS:   'legal/privacy',
06-08 13:22:52.474 12386 12433 W ReactNativeJS:   'legal/terms',
06-08 13:22:52.474 12386 12433 W ReactNativeJS:   'scripts' ]
06-08 13:22:52.474 12386 12433 W ReactNativeJS: '[Layout children]: No route named "scripts/[id]/coach" exists in nested children:', [ '+not-found',
06-08 13:22:52.474 12386 12433 W ReactNativeJS:   'auth',
06-08 13:22:52.474 12386 12433 W ReactNativeJS:   'faqs',
06-08 13:22:52.474 12386 12433 W ReactNativeJS:   'import-script',
06-08 13:22:52.474 12386 12433 W ReactNativeJS:   'scan-script',
06-08 13:22:52.474 12386 12433 W ReactNativeJS:   '(tabs)',
06-08 13:22:52.474 12386 12433 W ReactNativeJS:   'auth/callback',
06-08 13:22:52.474 12386 12433 W ReactNativeJS:   'legal/ai-usage',
06-08 13:22:52.474 12386 12433 W ReactNativeJS:   'legal/privacy',
06-08 13:22:52.474 12386 12433 W ReactNativeJS:   'legal/terms',
06-08 13:22:52.474 12386 12433 W ReactNativeJS:   'scripts' ]
06-08 13:22:52.475 12386 12433 W ReactNativeJS: '[Layout children]: No route named "scripts/[id]/casting" exists in nested children:', [ '+not-found',
06-08 13:22:52.475 12386 12433 W ReactNativeJS:   'auth',
06-08 13:22:52.475 12386 12433 W ReactNativeJS:   'faqs',
06-08 13:22:52.475 12386 12433 W ReactNativeJS:   'import-script',
06-08 13:22:52.475 12386 12433 W ReactNativeJS:   'scan-script',
06-08 13:22:52.475 12386 12433 W ReactNativeJS:   '(tabs)',
06-08 13:22:52.475 12386 12433 W ReactNativeJS:   'auth/callback',
06-08 13:22:52.475 12386 12433 W ReactNativeJS:   'legal/ai-usage',
06-08 13:22:52.475 12386 12433 W ReactNativeJS:   'legal/privacy',
06-08 13:22:52.475 12386 12433 W ReactNativeJS:   'legal/terms',
06-08 13:22:52.475 12386 12433 W ReactNativeJS:   'scripts' ]
06-08 13:22:52.475 12386 12433 W ReactNativeJS: '[Layout children]: No route named "scripts/[id]/car" exists in nested children:', [ '+not-found',
06-08 13:22:52.475 12386 12433 W ReactNativeJS:   'auth',
06-08 13:22:52.475 12386 12433 W ReactNativeJS:   'faqs',
06-08 13:22:52.475 12386 12433 W ReactNativeJS:   'import-script',
06-08 13:22:52.475 12386 12433 W ReactNativeJS:   'scan-script',
06-08 13:22:52.475 12386 12433 W ReactNativeJS:   '(tabs)',
06-08 13:22:52.475 12386 12433 W ReactNativeJS:   'auth/callback',
06-08 13:22:52.475 12386 12433 W ReactNativeJS:   'legal/ai-usage',
06-08 13:22:52.475 12386 12433 W ReactNativeJS:   'legal/privacy',
06-08 13:22:52.475 12386 12433 W ReactNativeJS:   'legal/terms',
06-08 13:22:52.475 12386 12433 W ReactNativeJS:   'scripts' ]
06-08 13:22:52.475 12386 12433 W ReactNativeJS: '[Layout children]: No route named "scripts/[id]/analysis" exists in nested children:', [ '+not-found',
06-08 13:22:52.475 12386 12433 W ReactNativeJS:   'auth',
06-08 13:22:52.475 12386 12433 W ReactNativeJS:   'faqs',
06-08 13:22:52.475 12386 12433 W ReactNativeJS:   'import-script',
06-08 13:22:52.475 12386 12433 W ReactNativeJS:   'scan-script',
06-08 13:22:52.475 12386 12433 W ReactNativeJS:   '(tabs)',
06-08 13:22:52.475 12386 12433 W ReactNativeJS:   'auth/callback',
06-08 13:22:52.475 12386 12433 W ReactNativeJS:   'legal/ai-usage',
06-08 13:22:52.475 12386 12433 W ReactNativeJS:   'legal/privacy',
06-08 13:22:52.475 12386 12433 W ReactNativeJS:   'legal/terms',
06-08 13:22:52.475 12386 12433 W ReactNativeJS:   'scripts' ]
06-08 13:22:52.475 12386 12433 W ReactNativeJS: '[Layout children]: No route named "scripts/[id]/chubbuck-guide" exists in nested children:', [ '+not-found',
06-08 13:22:52.475 12386 12433 W ReactNativeJS:   'auth',
06-08 13:22:52.475 12386 12433 W ReactNativeJS:   'faqs',
06-08 13:22:52.475 12386 12433 W ReactNativeJS:   'import-script',
06-08 13:22:52.475 12386 12433 W ReactNativeJS:   'scan-script',
06-08 13:22:52.475 12386 12433 W ReactNativeJS:   '(tabs)',
06-08 13:22:52.475 12386 12433 W ReactNativeJS:   'auth/callback',
06-08 13:22:52.475 12386 12433 W ReactNativeJS:   'legal/ai-usage',
06-08 13:22:52.475 12386 12433 W ReactNativeJS:   'legal/privacy',
06-08 13:22:52.475 12386 12433 W ReactNativeJS:   'legal/terms',
06-08 13:22:52.475 12386 12433 W ReactNativeJS:   'scripts' ]
06-08 13:22:52.475 12386 12433 W ReactNativeJS: '[Layout children]: No route named "scripts/[id]/editor" exists in nested children:', [ '+not-found',
06-08 13:22:52.475 12386 12433 W ReactNativeJS:   'auth',
06-08 13:22:52.475 12386 12433 W ReactNativeJS:   'faqs',
06-08 13:22:52.475 12386 12433 W ReactNativeJS:   'import-script',
06-08 13:22:52.475 12386 12433 W ReactNativeJS:   'scan-script',
06-08 13:22:52.475 12386 12433 W ReactNativeJS:   '(tabs)',
06-08 13:22:52.475 12386 12433 W ReactNativeJS:   'auth/callback',
06-08 13:22:52.475 12386 12433 W ReactNativeJS:   'legal/ai-usage',
06-08 13:22:52.475 12386 12433 W ReactNativeJS:   'legal/privacy',
06-08 13:22:52.475 12386 12433 W ReactNativeJS:   'legal/terms',
06-08 13:22:52.475 12386 12433 W ReactNativeJS:   'scripts' ]
06-08 13:22:52.475   667   689 I ActivityTaskManager: Displayed com.alexdiaz.scriptcue/.MainActivity for user 0: +675ms
06-08 13:22:52.476  1376  1376 D BaseActivity: Launcher flags updated: [] -[state_started]
06-08 13:22:52.476  1376  1376 D BaseDepthController: setSurface:
06-08 13:22:52.476  1376  1376 D BaseDepthController: 	mWaitingOnSurfaceValidity: false
06-08 13:22:52.476  1376  1376 D BaseDepthController: 	mBaseSurface: null
06-08 13:22:52.476  1376  1376 D BaseDepthController: mSurface is null and mCurrentBlur is: 0
06-08 13:22:52.479  1376  1376 D LauncherStateManager: StateManager.goToState: fromState: Normal, toState: Normal, partial trace:
06-08 13:22:52.479  1376  1376 D LauncherStateManager: 	at com.android.launcher3.statemanager.StateManager.moveToRestState(go/retraceme 22065b4ee6d8a5c1e8f00fc955771da2bb4166deb60e4d8af05af693ca20e872:26)
06-08 13:22:52.479  1376  1376 D LauncherStateManager: 	at com.android.launcher3.statemanager.StateManager.moveToRestState(go/retraceme 22065b4ee6d8a5c1e8f00fc955771da2bb4166deb60e4d8af05af693ca20e872:35)
06-08 13:22:52.479  1376  1376 D LauncherStateManager: 	at com.android.launcher3.statemanager.StatefulActivity.onStop(go/retraceme 22065b4ee6d8a5c1e8f00fc955771da2bb4166deb60e4d8af05af693ca20e872:31)
06-08 13:22:52.479  1376  1376 D LauncherStateManager: StateManager.onRepeatStateSetAborted: state: Normal
06-08 13:22:52.479  1376  1376 D KeyboardStateManager: hideKeyboard
06-08 13:22:52.479  1376  1376 D KeyboardStateManager: isImeShown: false
06-08 13:22:52.479  1376  1376 D StatsLog: LAUNCHER_ONSTOP
06-08 13:22:52.481  1376  1376 D StatsLog: LAUNCHER_GOOGLE_SEARCH_RESTORE_LIST_SIZE_AFTER_ACTIVITY_RESTART
06-08 13:22:52.488   504   591 W skia    : AGTM parsing failed flags.readFromStream(s) at 159
06-08 13:22:52.497 12386 12433 I HWUI    : Using FreeType backend (prop=Auto)
06-08 13:22:52.513 12386 12433 W ReactNativeJS: '[Layout children]: No route named "scripts/[id]/index" exists in nested children:', [ '+not-found',
06-08 13:22:52.513 12386 12433 W ReactNativeJS:   'auth',
06-08 13:22:52.513 12386 12433 W ReactNativeJS:   'faqs',
06-08 13:22:52.513 12386 12433 W ReactNativeJS:   'import-script',
06-08 13:22:52.513 12386 12433 W ReactNativeJS:   'scan-script',
06-08 13:22:52.513 12386 12433 W ReactNativeJS:   '(tabs)',
06-08 13:22:52.513 12386 12433 W ReactNativeJS:   'auth/callback',
06-08 13:22:52.513 12386 12433 W ReactNativeJS:   'legal/ai-usage',
06-08 13:22:52.513 12386 12433 W ReactNativeJS:   'legal/privacy',
06-08 13:22:52.513 12386 12433 W ReactNativeJS:   'legal/terms',
06-08 13:22:52.513 12386 12433 W ReactNativeJS:   'scripts' ]
06-08 13:22:52.513 12386 12433 W ReactNativeJS: '[Layout children]: No route named "scripts/[id]/record" exists in nested children:', [ '+not-found',
06-08 13:22:52.513 12386 12433 W ReactNativeJS:   'auth',
06-08 13:22:52.513 12386 12433 W ReactNativeJS:   'faqs',
06-08 13:22:52.513 12386 12433 W ReactNativeJS:   'import-script',
06-08 13:22:52.513 12386 12433 W ReactNativeJS:   'scan-script',
06-08 13:22:52.513 12386 12433 W ReactNativeJS:   '(tabs)',
06-08 13:22:52.513 12386 12433 W ReactNativeJS:   'auth/callback',
06-08 13:22:52.513 12386 12433 W ReactNativeJS:   'legal/ai-usage',
06-08 13:22:52.513 12386 12433 W ReactNativeJS:   'legal/privacy',
06-08 13:22:52.513 12386 12433 W ReactNativeJS:   'legal/terms',
06-08 13:22:52.513 12386 12433 W ReactNativeJS:   'scripts' ]
06-08 13:22:52.513 12386 12433 W ReactNativeJS: '[Layout children]: No route named "scripts/[id]/memory" exists in nested children:', [ '+not-found',
06-08 13:22:52.513 12386 12433 W ReactNativeJS:   'auth',
06-08 13:22:52.513 12386 12433 W ReactNativeJS:   'faqs',
06-08 13:22:52.513 12386 12433 W ReactNativeJS:   'import-script',
06-08 13:22:52.513 12386 12433 W ReactNativeJS:   'scan-script',
06-08 13:22:52.513 12386 12433 W ReactNativeJS:   '(tabs)',
06-08 13:22:52.513 12386 12433 W ReactNativeJS:   'auth/callback',
06-08 13:22:52.513 12386 12433 W ReactNativeJS:   'legal/ai-usage',
06-08 13:22:52.513 12386 12433 W ReactNativeJS:   'legal/privacy',
06-08 13:22:52.513 12386 12433 W ReactNativeJS:   'legal/terms',
06-08 13:22:52.513 12386 12433 W ReactNativeJS:   'scripts' ]
06-08 13:22:52.513 12386 12433 W ReactNativeJS: '[Layout children]: No route named "scripts/[id]/studio-v2" exists in nested children:', [ '+not-found',
06-08 13:22:52.513 12386 12433 W ReactNativeJS:   'auth',
06-08 13:22:52.513 12386 12433 W ReactNativeJS:   'faqs',
06-08 13:22:52.513 12386 12433 W ReactNativeJS:   'import-script',
06-08 13:22:52.513 12386 12433 W ReactNativeJS:   'scan-script',
06-08 13:22:52.513 12386 12433 W ReactNativeJS:   '(tabs)',
06-08 13:22:52.513 12386 12433 W ReactNativeJS:   'auth/callback',
06-08 13:22:52.513 12386 12433 W ReactNativeJS:   'legal/ai-usage',
06-08 13:22:52.513 12386 12433 W ReactNativeJS:   'legal/privacy',
06-08 13:22:52.513 12386 12433 W ReactNativeJS:   'legal/terms',
06-08 13:22:52.513 12386 12433 W ReactNativeJS:   'scripts' ]
06-08 13:22:52.513 12386 12433 W ReactNativeJS: '[Layout children]: No route named "scripts/[id]/coach" exists in nested children:', [ '+not-found',
06-08 13:22:52.513 12386 12433 W ReactNativeJS:   'auth',
06-08 13:22:52.513 12386 12433 W ReactNativeJS:   'faqs',
06-08 13:22:52.513 12386 12433 W ReactNativeJS:   'import-script',
06-08 13:22:52.513 12386 12433 W ReactNativeJS:   'scan-script',
06-08 13:22:52.513 12386 12433 W ReactNativeJS:   '(tabs)',
06-08 13:22:52.513 12386 12433 W ReactNativeJS:   'auth/callback',
06-08 13:22:52.513 12386 12433 W ReactNativeJS:   'legal/ai-usage',
06-08 13:22:52.513 12386 12433 W ReactNativeJS:   'legal/privacy',
06-08 13:22:52.513 12386 12433 W ReactNativeJS:   'legal/terms',
06-08 13:22:52.513 12386 12433 W ReactNativeJS:   'scripts' ]
06-08 13:22:52.513 12386 12433 W ReactNativeJS: '[Layout children]: No route named "scripts/[id]/casting" exists in nested children:', [ '+not-found',
06-08 13:22:52.513 12386 12433 W ReactNativeJS:   'auth',
06-08 13:22:52.513 12386 12433 W ReactNativeJS:   'faqs',
06-08 13:22:52.513 12386 12433 W ReactNativeJS:   'import-script',
06-08 13:22:52.513 12386 12433 W ReactNativeJS:   'scan-script',
06-08 13:22:52.513 12386 12433 W ReactNativeJS:   '(tabs)',
06-08 13:22:52.513 12386 12433 W ReactNativeJS:   'auth/callback',
06-08 13:22:52.513 12386 12433 W ReactNativeJS:   'legal/ai-usage',
06-08 13:22:52.513 12386 12433 W ReactNativeJS:   'legal/privacy',
06-08 13:22:52.513 12386 12433 W ReactNativeJS:   'legal/terms',
06-08 13:22:52.513 12386 12433 W ReactNativeJS:   'scripts' ]
06-08 13:22:52.513 12386 12433 W ReactNativeJS: '[Layout children]: No route named "scripts/[id]/car" exists in nested children:', [ '+not-found',
06-08 13:22:52.513 12386 12433 W ReactNativeJS:   'auth',
06-08 13:22:52.513 12386 12433 W ReactNativeJS:   'faqs',
06-08 13:22:52.513 12386 12433 W ReactNativeJS:   'import-script',
06-08 13:22:52.513 12386 12433 W ReactNativeJS:   'scan-script',
06-08 13:22:52.513 12386 12433 W ReactNativeJS:   '(tabs)',
06-08 13:22:52.513 12386 12433 W ReactNativeJS:   'auth/callback',
06-08 13:22:52.513 12386 12433 W ReactNativeJS:   'legal/ai-usage',
06-08 13:22:52.513 12386 12433 W ReactNativeJS:   'legal/privacy',
06-08 13:22:52.513 12386 12433 W ReactNativeJS:   'legal/terms',
06-08 13:22:52.513 12386 12433 W ReactNativeJS:   'scripts' ]
06-08 13:22:52.514 12386 12433 W ReactNativeJS: '[Layout children]: No route named "scripts/[id]/analysis" exists in nested children:', [ '+not-found',
06-08 13:22:52.514 12386 12433 W ReactNativeJS:   'auth',
06-08 13:22:52.514 12386 12433 W ReactNativeJS:   'faqs',
06-08 13:22:52.514 12386 12433 W ReactNativeJS:   'import-script',
06-08 13:22:52.514 12386 12433 W ReactNativeJS:   'scan-script',
06-08 13:22:52.514 12386 12433 W ReactNativeJS:   '(tabs)',
06-08 13:22:52.514 12386 12433 W ReactNativeJS:   'auth/callback',
06-08 13:22:52.514 12386 12433 W ReactNativeJS:   'legal/ai-usage',
06-08 13:22:52.514 12386 12433 W ReactNativeJS:   'legal/privacy',
06-08 13:22:52.514 12386 12433 W ReactNativeJS:   'legal/terms',
06-08 13:22:52.514 12386 12433 W ReactNativeJS:   'scripts' ]
06-08 13:22:52.514 12386 12433 W ReactNativeJS: '[Layout children]: No route named "scripts/[id]/chubbuck-guide" exists in nested children:', [ '+not-found',
06-08 13:22:52.514 12386 12433 W ReactNativeJS:   'auth',
06-08 13:22:52.514 12386 12433 W ReactNativeJS:   'faqs',
06-08 13:22:52.514 12386 12433 W ReactNativeJS:   'import-script',
06-08 13:22:52.514 12386 12433 W ReactNativeJS:   'scan-script',
06-08 13:22:52.514 12386 12433 W ReactNativeJS:   '(tabs)',
06-08 13:22:52.514 12386 12433 W ReactNativeJS:   'auth/callback',
06-08 13:22:52.514 12386 12433 W ReactNativeJS:   'legal/ai-usage',
06-08 13:22:52.514 12386 12433 W ReactNativeJS:   'legal/privacy',
06-08 13:22:52.514 12386 12433 W ReactNativeJS:   'legal/terms',
06-08 13:22:52.514 12386 12433 W ReactNativeJS:   'scripts' ]
06-08 13:22:52.514 12386 12433 W ReactNativeJS: '[Layout children]: No route named "scripts/[id]/editor" exists in nested children:', [ '+not-found',
06-08 13:22:52.514 12386 12433 W ReactNativeJS:   'auth',
06-08 13:22:52.514 12386 12433 W ReactNativeJS:   'faqs',
06-08 13:22:52.514 12386 12433 W ReactNativeJS:   'import-script',
06-08 13:22:52.514 12386 12433 W ReactNativeJS:   'scan-script',
06-08 13:22:52.514 12386 12433 W ReactNativeJS:   '(tabs)',
06-08 13:22:52.514 12386 12433 W ReactNativeJS:   'auth/callback',
06-08 13:22:52.514 12386 12433 W ReactNativeJS:   'legal/ai-usage',
06-08 13:22:52.514 12386 12433 W ReactNativeJS:   'legal/privacy',
06-08 13:22:52.514 12386 12433 W ReactNativeJS:   'legal/terms',
06-08 13:22:52.514 12386 12433 W ReactNativeJS:   'scripts' ]
06-08 13:22:52.516 12386 12386 W [RNScreens]: backTitleVisible prop is not available on Android
06-08 13:22:52.516 12386 12386 W [RNScreens]: backTitleFontFamily prop is not available on Android
06-08 13:22:52.516 12386 12386 W [RNScreens]: disableBackButtonMenu prop is not available on Android
06-08 13:22:52.516 12386 12386 W [RNScreens]: largeTitleFontFamily prop is not available on Android
06-08 13:22:52.516 12386 12386 W [RNScreens]: largeTitleFontWeight prop is not available on Android
06-08 13:22:52.516 12386 12386 W [RNScreens]: largeTitleHideShadow prop is not available on Android
06-08 13:22:52.517   667   682 I ActivityManager: Background started FGS: Allowed [callingPackage: com.alexdiaz.scriptcue; callingUid: 10226; uidState: TOP ; uidBFSL: [BFSL]; BFGS denied: false; intent: Intent { xflg=0x4 cmp=com.alexdiaz.scriptcue/com.doublesymmetry.trackplayer.service.MusicService }; code:PROC_STATE_TOP; tempAllowListReason:<null>; allowWiu:12; targetSdkVersion:36; callerTargetSdkVersion:36; startForegroundCount:0; bindFromPackage:null; isBindService:false]
06-08 13:22:52.522 12386 12386 I ReactNative: [GESTURE HANDLER] Initialize gesture handler for root view com.facebook.react.runtime.ReactSurfaceView{c6a8ce9 V.E...... .......D 0,0-1080,2424 #1}
06-08 13:22:52.525 12386 12433 W ReactNativeJS: '[Layout children]: No route named "scripts/[id]/index" exists in nested children:', [ '+not-found',
06-08 13:22:52.525 12386 12433 W ReactNativeJS:   'auth',
06-08 13:22:52.525 12386 12433 W ReactNativeJS:   'faqs',
06-08 13:22:52.525 12386 12433 W ReactNativeJS:   'import-script',
06-08 13:22:52.525 12386 12433 W ReactNativeJS:   'scan-script',
06-08 13:22:52.525 12386 12433 W ReactNativeJS:   '(tabs)',
06-08 13:22:52.525 12386 12433 W ReactNativeJS:   'auth/callback',
06-08 13:22:52.525 12386 12433 W ReactNativeJS:   'legal/ai-usage',
06-08 13:22:52.525 12386 12433 W ReactNativeJS:   'legal/privacy',
06-08 13:22:52.525 12386 12433 W ReactNativeJS:   'legal/terms',
06-08 13:22:52.525 12386 12433 W ReactNativeJS:   'scripts' ]
06-08 13:22:52.526 12386 12433 W ReactNativeJS: '[Layout children]: No route named "scripts/[id]/record" exists in nested children:', [ '+not-found',
06-08 13:22:52.526 12386 12433 W ReactNativeJS:   'auth',
06-08 13:22:52.526 12386 12433 W ReactNativeJS:   'faqs',
06-08 13:22:52.526 12386 12433 W ReactNativeJS:   'import-script',
06-08 13:22:52.526 12386 12433 W ReactNativeJS:   'scan-script',
06-08 13:22:52.526 12386 12433 W ReactNativeJS:   '(tabs)',
06-08 13:22:52.526 12386 12433 W ReactNativeJS:   'auth/callback',
06-08 13:22:52.526 12386 12433 W ReactNativeJS:   'legal/ai-usage',
06-08 13:22:52.526 12386 12433 W ReactNativeJS:   'legal/privacy',
06-08 13:22:52.526 12386 12433 W ReactNativeJS:   'legal/terms',
06-08 13:22:52.526 12386 12433 W ReactNativeJS:   'scripts' ]
06-08 13:22:52.526 12386 12433 W ReactNativeJS: '[Layout children]: No route named "scripts/[id]/memory" exists in nested children:', [ '+not-found',
06-08 13:22:52.526 12386 12433 W ReactNativeJS:   'auth',
06-08 13:22:52.526 12386 12433 W ReactNativeJS:   'faqs',
06-08 13:22:52.526 12386 12433 W ReactNativeJS:   'import-script',
06-08 13:22:52.526 12386 12433 W ReactNativeJS:   'scan-script',
06-08 13:22:52.526 12386 12433 W ReactNativeJS:   '(tabs)',
06-08 13:22:52.526 12386 12433 W ReactNativeJS:   'auth/callback',
06-08 13:22:52.526 12386 12433 W ReactNativeJS:   'legal/ai-usage',
06-08 13:22:52.526 12386 12433 W ReactNativeJS:   'legal/privacy',
06-08 13:22:52.526 12386 12433 W ReactNativeJS:   'legal/terms',
06-08 13:22:52.526 12386 12433 W ReactNativeJS:   'scripts' ]
06-08 13:22:52.526 12386 12433 W ReactNativeJS: '[Layout children]: No route named "scripts/[id]/studio-v2" exists in nested children:', [ '+not-found',
06-08 13:22:52.526 12386 12433 W ReactNativeJS:   'auth',
06-08 13:22:52.526 12386 12433 W ReactNativeJS:   'faqs',
06-08 13:22:52.526 12386 12433 W ReactNativeJS:   'import-script',
06-08 13:22:52.526 12386 12433 W ReactNativeJS:   'scan-script',
06-08 13:22:52.526 12386 12433 W ReactNativeJS:   '(tabs)',
06-08 13:22:52.526 12386 12433 W ReactNativeJS:   'auth/callback',
06-08 13:22:52.526 12386 12433 W ReactNativeJS:   'legal/ai-usage',
06-08 13:22:52.526 12386 12433 W ReactNativeJS:   'legal/privacy',
06-08 13:22:52.526 12386 12433 W ReactNativeJS:   'legal/terms',
06-08 13:22:52.526 12386 12433 W ReactNativeJS:   'scripts' ]
06-08 13:22:52.526 12386 12433 W ReactNativeJS: '[Layout children]: No route named "scripts/[id]/coach" exists in nested children:', [ '+not-found',
06-08 13:22:52.526 12386 12433 W ReactNativeJS:   'auth',
06-08 13:22:52.526 12386 12433 W ReactNativeJS:   'faqs',
06-08 13:22:52.526 12386 12433 W ReactNativeJS:   'import-script',
06-08 13:22:52.526 12386 12433 W ReactNativeJS:   'scan-script',
06-08 13:22:52.526 12386 12433 W ReactNativeJS:   '(tabs)',
06-08 13:22:52.526 12386 12433 W ReactNativeJS:   'auth/callback',
06-08 13:22:52.526 12386 12433 W ReactNativeJS:   'legal/ai-usage',
06-08 13:22:52.526 12386 12433 W ReactNativeJS:   'legal/privacy',
06-08 13:22:52.526 12386 12433 W ReactNativeJS:   'legal/terms',
06-08 13:22:52.526 12386 12433 W ReactNativeJS:   'scripts' ]
06-08 13:22:52.526 12386 12433 W ReactNativeJS: '[Layout children]: No route named "scripts/[id]/casting" exists in nested children:', [ '+not-found',
06-08 13:22:52.526 12386 12433 W ReactNativeJS:   'auth',
06-08 13:22:52.526 12386 12433 W ReactNativeJS:   'faqs',
06-08 13:22:52.526 12386 12433 W ReactNativeJS:   'import-script',
06-08 13:22:52.526 12386 12433 W ReactNativeJS:   'scan-script',
06-08 13:22:52.526 12386 12433 W ReactNativeJS:   '(tabs)',
06-08 13:22:52.526 12386 12433 W ReactNativeJS:   'auth/callback',
06-08 13:22:52.526 12386 12433 W ReactNativeJS:   'legal/ai-usage',
06-08 13:22:52.526 12386 12433 W ReactNativeJS:   'legal/privacy',
06-08 13:22:52.526 12386 12433 W ReactNativeJS:   'legal/terms',
06-08 13:22:52.526 12386 12433 W ReactNativeJS:   'scripts' ]
06-08 13:22:52.526 12386 12433 W ReactNativeJS: '[Layout children]: No route named "scripts/[id]/car" exists in nested children:', [ '+not-found',
06-08 13:22:52.526 12386 12433 W ReactNativeJS:   'auth',
06-08 13:22:52.526 12386 12433 W ReactNativeJS:   'faqs',
06-08 13:22:52.526 12386 12433 W ReactNativeJS:   'import-script',
06-08 13:22:52.526 12386 12433 W ReactNativeJS:   'scan-script',
06-08 13:22:52.526 12386 12433 W ReactNativeJS:   '(tabs)',
06-08 13:22:52.526 12386 12433 W ReactNativeJS:   'auth/callback',
06-08 13:22:52.526 12386 12433 W ReactNativeJS:   'legal/ai-usage',
06-08 13:22:52.526 12386 12433 W ReactNativeJS:   'legal/privacy',
06-08 13:22:52.526 12386 12433 W ReactNativeJS:   'legal/terms',
06-08 13:22:52.526 12386 12433 W ReactNativeJS:   'scripts' ]
06-08 13:22:52.526 12386 12433 W ReactNativeJS: '[Layout children]: No route named "scripts/[id]/analysis" exists in nested children:', [ '+not-found',
06-08 13:22:52.526 12386 12433 W ReactNativeJS:   'auth',
06-08 13:22:52.526 12386 12433 W ReactNativeJS:   'faqs',
06-08 13:22:52.526 12386 12433 W ReactNativeJS:   'import-script',
06-08 13:22:52.526 12386 12433 W ReactNativeJS:   'scan-script',
06-08 13:22:52.526 12386 12433 W ReactNativeJS:   '(tabs)',
06-08 13:22:52.526 12386 12433 W ReactNativeJS:   'auth/callback',
06-08 13:22:52.526 12386 12433 W ReactNativeJS:   'legal/ai-usage',
06-08 13:22:52.526 12386 12433 W ReactNativeJS:   'legal/privacy',
06-08 13:22:52.526 12386 12433 W ReactNativeJS:   'legal/terms',
06-08 13:22:52.526 12386 12433 W ReactNativeJS:   'scripts' ]
06-08 13:22:52.526 12386 12433 W ReactNativeJS: '[Layout children]: No route named "scripts/[id]/chubbuck-guide" exists in nested children:', [ '+not-found',
06-08 13:22:52.526 12386 12433 W ReactNativeJS:   'auth',
06-08 13:22:52.526 12386 12433 W ReactNativeJS:   'faqs',
06-08 13:22:52.526 12386 12433 W ReactNativeJS:   'import-script',
06-08 13:22:52.526 12386 12433 W ReactNativeJS:   'scan-script',
06-08 13:22:52.526 12386 12433 W ReactNativeJS:   '(tabs)',
06-08 13:22:52.526 12386 12433 W ReactNativeJS:   'auth/callback',
06-08 13:22:52.526 12386 12433 W ReactNativeJS:   'legal/ai-usage',
06-08 13:22:52.526 12386 12433 W ReactNativeJS:   'legal/privacy',
06-08 13:22:52.526 12386 12433 W ReactNativeJS:   'legal/terms',
06-08 13:22:52.526 12386 12433 W ReactNativeJS:   'scripts' ]
06-08 13:22:52.527 12386 12433 W ReactNativeJS: '[Layout children]: No route named "scripts/[id]/editor" exists in nested children:', [ '+not-found',
06-08 13:22:52.527 12386 12433 W ReactNativeJS:   'auth',
06-08 13:22:52.527 12386 12433 W ReactNativeJS:   'faqs',
06-08 13:22:52.527 12386 12433 W ReactNativeJS:   'import-script',
06-08 13:22:52.527 12386 12433 W ReactNativeJS:   'scan-script',
06-08 13:22:52.527 12386 12433 W ReactNativeJS:   '(tabs)',
06-08 13:22:52.527 12386 12433 W ReactNativeJS:   'auth/callback',
06-08 13:22:52.527 12386 12433 W ReactNativeJS:   'legal/ai-usage',
06-08 13:22:52.527 12386 12433 W ReactNativeJS:   'legal/privacy',
06-08 13:22:52.527 12386 12433 W ReactNativeJS:   'legal/terms',
06-08 13:22:52.527 12386 12433 W ReactNativeJS:   'scripts' ]
06-08 13:22:52.540 12386 12386 V Activity: No requestable permission in the request.
06-08 13:22:52.544 12386 12433 D nativeloader: Load /data/app/~~XF_GTucaNroKG4iQloWIog==/com.alexdiaz.scriptcue-n6f1Oy8bQiTB_70Jg3Velg==/base.apk!/lib/arm64-v8a/libgesturehandler.so using class loader ns clns-9 (caller=/data/app/~~XF_GTucaNroKG4iQloWIog==/com.alexdiaz.scriptcue-n6f1Oy8bQiTB_70Jg3Velg==/base.apk!classes3.dex): ok
06-08 13:22:52.544 12386 12433 D jni_lib_merge: Entering merged library JNI_OnLoad.
06-08 13:22:52.544 12386 12433 D jni_lib_merge: Preparing 12 pre-merged libs (including stub)
06-08 13:22:52.544 12386 12433 D jni_lib_merge: Preparing to register libfabricjni_so.  onload_func: 0x7fcb324ceedc
06-08 13:22:52.544 12386 12433 D jni_lib_merge: Preparing to register libreact_devsupportjni_so.  onload_func: 0x7fcb3259ff40
06-08 13:22:52.544 12386 12433 D jni_lib_merge: Preparing to register libreact_featureflagsjni_so.  onload_func: 0x7fcb325b29f8
06-08 13:22:52.544 12386 12433 D jni_lib_merge: Preparing to register libreact_newarchdefaults_so.  onload_func: 0x7fcb325d7e30
06-08 13:22:52.544 12386 12433 D jni_lib_merge: Preparing to register libreactnativeblob_so.  onload_func: 0x7fcb3266a5b0
06-08 13:22:52.544 12386 12433 D jni_lib_merge: Preparing to register libreactnativejni_so.  onload_func: 0x7fcb32684b24
06-08 13:22:52.544 12386 12433 D jni_lib_merge: Preparing to register libreactnativejni_common_so.  onload_func: 0x7fcb3268b458
06-08 13:22:52.544 12386 12433 D jni_lib_merge: Preparing to register librninstance_so.  onload_func: 0x7fcb326a7070
06-08 13:22:52.544 12386 12433 D jni_lib_merge: Preparing to register libturbomodulejsijni_so.  onload_func: 0x7fcb3273f1a4
06-08 13:22:52.544 12386 12433 D jni_lib_merge: Preparing to register libuimanagerjni_so.  onload_func: 0x7fcb327467e0
06-08 13:22:52.544 12386 12433 D jni_lib_merge: Preparing to register libyoga_so.  onload_func: 0x7fcb3274dda4
06-08 13:22:52.544 12386 12433 D jni_lib_merge: About to register 11 actual methods.
06-08 13:22:52.546   667   682 I ActivityManager: Background started FGS: Allowed [callingPackage: com.alexdiaz.scriptcue; callingUid: 10226; uidState: TOP ; uidBFSL: [BFSL]; BFGS denied: false; intent: Intent { xflg=0x4 cmp=com.alexdiaz.scriptcue/com.doublesymmetry.trackplayer.service.MusicService }; code:PROC_STATE_TOP; tempAllowListReason:<null>; allowWiu:12; targetSdkVersion:36; callerTargetSdkVersion:36; startForegroundCount:0; bindFromPackage:null; isBindService:true]
06-08 13:22:52.547   667   746 W ForegroundServiceTypeLoggerModule: Logger should be tracking FGS types correctly for UID 10226 in package com.alexdiaz.scriptcue
06-08 13:22:52.550 12386 12458 I WebViewFactory: Loading com.google.android.webview version 145.0.7632.218 (code 763221804)
06-08 13:22:52.551 12386 12458 V ResourcesManager: The following library key has been added: ResourcesKey{ mHash=90af42f3 mResDir=null mSplitDirs=[] mOverlayDirs=[] mLibDirs=[/data/app/~~XbyyAPCK8hZNcKNxP2qLXA==/com.google.android.webview-Q4dyu0L3sOdQJaq7Pp1AMQ==/WebViewGoogle.apk,/system/framework/android.test.base.jar,/system_ext/framework/androidx.window.extensions.jar] mDisplayId=0 mOverrideConfig=v37 mCompatInfo={420dpi always-compat} mLoaders=[]}
06-08 13:22:52.554 12386 12458 D ApplicationLoaders: Returning zygote-cached class loader: /system/framework/android.test.base.jar
06-08 13:22:52.554 12386 12458 D ApplicationLoaders: Returning zygote-cached class loader: /system_ext/framework/androidx.window.extensions.jar
06-08 13:22:52.561 12386 12458 D nativeloader: Configuring clns-10 for other apk /data/app/~~XbyyAPCK8hZNcKNxP2qLXA==/com.google.android.webview-Q4dyu0L3sOdQJaq7Pp1AMQ==/WebViewGoogle.apk. target_sdk_version=36, uses_libraries=, library_path=/data/app/~~XbyyAPCK8hZNcKNxP2qLXA==/com.google.android.webview-Q4dyu0L3sOdQJaq7Pp1AMQ==/lib/arm64:/data/app/~~XbyyAPCK8hZNcKNxP2qLXA==/com.google.android.webview-Q4dyu0L3sOdQJaq7Pp1AMQ==/WebViewGoogle.apk!/lib/arm64-v8a, permitted_path=/data:/mnt/expand
06-08 13:22:52.564   667   785 I ImeTracker: com.alexdiaz.scriptcue:f98de632: onRequestHide at ORIGIN_SERVER reason HIDE_UNSPECIFIED_WINDOW fromUser false userId 0 displayId 0
06-08 13:22:52.564 12386 12433 I ReactNativeJS: [PlaybackService] Event listeners registered
06-08 13:22:52.565 12386 12386 W MediaSessionCompat: Couldn't find a unique registered media button receiver in the given context.
06-08 13:22:52.567   667   746 I MediaSessionStack: addSession to bottom of stack | record: com.alexdiaz.scriptcue/KotlinAudioPlayer/4 (userId=0)
06-08 13:22:52.568   667  1175 W InputChannel-JNI: Channel already disposed.
06-08 13:22:52.570   667   746 D MediaSessionService: Media button session is changed to com.alexdiaz.scriptcue/KotlinAudioPlayer/4 (userId=0)
06-08 13:22:52.571  6855  6855 I GoogleInputMethodService: GoogleInputMethodService.onFinishInput():2259 
06-08 13:22:52.571   667  1175 I ImeTracker: system_server:d88939c9: onRequestHide at ORIGIN_SERVER reason IME_REQUESTED_CHANGED_LISTENER fromUser false displayId 0
06-08 13:22:52.572   667   692 I ImeTracker: system_server:d88939c9: onCancelled at PHASE_SERVER_SHOULD_HIDE
06-08 13:22:52.575  6855  6855 I Module  : DeviceLockedStatusModuleProvider$Module.updateDeviceLockedStatus():103 repeatCheckTimes = 0, locked = false
06-08 13:22:52.577  1272  1272 W MediaPlayerList: onMediaKeyEventSessionChanged(Token): Addressed Player changed to a player we didn't have a session for
06-08 13:22:52.580  1103  1242 D WindowOnBackDispatcher: setTopOnBackInvokedCallback (unwrapped): null
06-08 13:22:52.581   667   746 D CoreBackPreview: Window{4e7b305 u0 Splash Screen com.alexdiaz.scriptcue}: Setting back callback null
06-08 13:22:52.581 12386 12386 I ExoPlayerImpl: Init 3fcb7b [ExoPlayerLib/2.19.0] [emu64a16k, sdk_gphone16k_arm64, Google, 37]
06-08 13:22:52.581  1272  1272 I MediaPlayerList: Adding wrapped media player: com.alexdiaz.scriptcue at key: 1
06-08 13:22:52.581  1272  1272 I MediaPlayerList: onMediaKeyEventSessionChanged: token=com.alexdiaz.scriptcue
06-08 13:22:52.585  1272  1272 I MediaPlayerList: sendMediaUpdate: Creating a one item queue for a player with no queue
06-08 13:22:52.589   504   591 W skia    : AGTM parsing failed flags.readFromStream(s) at 159
06-08 13:22:52.591  6855  6855 I GoogleInputMethodService: GoogleInputMethodService.onStartInput():1446 onStartInput(EditorInfo{EditorInfo{packageName=com.alexdiaz.scriptcue, inputType=0, inputTypeString=NULL, enableLearning=false, autoCorrection=false, autoComplete=false, imeOptions=0, privateImeOptions=null, actionName=UNSPECIFIED, actionLabel=null, initialSelStart=-1, initialSelEnd=-1, initialCapsMode=0, label=null, fieldId=0, fieldName=null, extras=null, hintText=null, hintLocales=[]}}, false)
06-08 13:22:52.591  1272  1272 W MediaControlGattService: Feature PLAYER_NAME support: true
06-08 13:22:52.591  1272  1272 W MediaControlGattService: Feature PLAYER_NAME support: true
06-08 13:22:52.591  1272  1272 W MediaControlGattService: Feature PLAYER_NAME_NOTIFY support: true
06-08 13:22:52.592  6855  6855 I AndroidIME: LatinIMEBase.updateInputViewCoverNavigation():322 Update input view padding, isNavbarOverInputWindow=true, bottom inset=63
06-08 13:22:52.594  6855  6855 I Module  : DeviceLockedStatusModuleProvider$Module.updateDeviceLockedStatus():103 repeatCheckTimes = 1, locked = false
06-08 13:22:52.596  1272  1272 W MediaControlGattService: Feature MEDIA_CONTROL_POINT_OPCODES_SUPPORTED support: true
06-08 13:22:52.596  1272  1272 W MediaControlGattService: Feature PLAYING_ORDER_SUPPORTED support: true
06-08 13:22:52.596  1272  1272 W MediaControlGattService: Feature PLAYING_ORDER support: true
06-08 13:22:52.596  1272  1272 W MediaControlGattService: Feature PLAYER_ICON_OBJ_ID support: false
06-08 13:22:52.596  1272  1272 W MediaControlGattService: Feature PLAYER_ICON_URL support: false
06-08 13:22:52.596  1272  1272 W MediaControlGattService: Feature MEDIA_STATE support: true
06-08 13:22:52.596  1272  1272 W MediaControlGattService: Feature PLAYING_ORDER_SUPPORTED support: true
06-08 13:22:52.596  1272  1272 W MediaControlGattService: Feature PLAYING_ORDER support: true
06-08 13:22:52.596  1272  1272 W MediaControlGattService: Feature PLAYING_ORDER_NOTIFY support: true
06-08 13:22:52.596   667   682 W PackageConfigPersister: App-specific configuration not found for packageName: com.alexdiaz.scriptcue and userId: 0
06-08 13:22:52.596  1272  1272 W MediaControlGattService: Feature TRACK_DURATION support: true
06-08 13:22:52.596  1272  1272 W MediaControlGattService: Feature MEDIA_STATE support: true
06-08 13:22:52.596  1272  1272 W MediaControlProfile: MCS service state fields left unhandled: 
06-08 13:22:52.596  1272  1272 W MediaControlProfile:    > PLAYBACK_STATE
06-08 13:22:52.596  1272  1272 W MediaControlProfile:    > OPCODES_SUPPORTED
06-08 13:22:52.596  1272  1272 W MediaControlProfile: MCS service state fields left unhandled: 
06-08 13:22:52.596  1272  1272 W MediaControlProfile:    > PLAYBACK_STATE
06-08 13:22:52.596  1272  1272 W MediaControlProfile:    > OPCODES_SUPPORTED
06-08 13:22:52.597  1272  1272 W MediaPlayerList: onMediaKeyEventSessionChanged(Token): Addressed Player changed to a player we didn't have a session for
06-08 13:22:52.598  1272  1272 I MediaPlayerList: Adding wrapped media player: com.alexdiaz.scriptcue at key: 1
06-08 13:22:52.598  1272  1272 I MediaPlayerList: onMediaKeyEventSessionChanged: token=com.alexdiaz.scriptcue
06-08 13:22:52.600  1272  1272 I PlayerSettingsManager: activePlayerChanged to com.alexdiaz.scriptcue
06-08 13:22:52.602  1272  1272 I PlayerSettingsManager: updateRemoteDevice: repeat (STATE_REPEAT_OFF -> STATE_REPEAT_OFF), shuffle (STATE_SHUFFLE_OFF -> STATE_SHUFFLE_OFF)
06-08 13:22:52.602  1272  1272 I MediaPlayerList: sendMediaUpdate: Creating a one item queue for a player with no queue
06-08 13:22:52.602  1272  1272 I PlayerSettingsManager: activePlayerChanged - current active app uid=10226 isNotFrozen=true
06-08 13:22:52.602  1272  1272 I PlayerSettingsManager: activePlayerChanged - New player is null, removed active player
06-08 13:22:52.602  1272  1272 I PlayerSettingsManager: getPlayerRepeatMode - no active player
06-08 13:22:52.602  1272  1272 I PlayerSettingsManager: getPlayerShuffleMode - no active player
06-08 13:22:52.602  1272  1272 I PlayerSettingsManager: updateRemoteDevice: repeat (STATE_REPEAT_OFF -> STATE_REPEAT_OFF), shuffle (STATE_SHUFFLE_OFF -> STATE_SHUFFLE_OFF)
06-08 13:22:52.602  1272  1272 I PlayerSettingsManager: activePlayerChanged - New player is null, removed active player
06-08 13:22:52.602  1272  1272 I PlayerSettingsManager: getPlayerRepeatMode - no active player
06-08 13:22:52.602  1272  1272 I PlayerSettingsManager: getPlayerShuffleMode - no active player
06-08 13:22:52.602  1272  1272 I PlayerSettingsManager: updateRemoteDevice: repeat (STATE_REPEAT_OFF -> STATE_REPEAT_OFF), shuffle (STATE_SHUFFLE_OFF -> STATE_SHUFFLE_OFF)
06-08 13:22:52.614 12386 12386 D AudioSystem: onNewService: media.audio_policy service obtained 0xb4007fcdfe182110
06-08 13:22:52.614 12386 12458 I cr_WVCFactoryProvider: version=145.0.7632.218 (763221804) minSdkVersion=29 multiprocess=true packageId=2 splits=<none>
06-08 13:22:52.615 12386 12386 D AudioSystem: getService: IAudioPolicyService retrieved: 0xb4007fcdfe182110  cached: 0xb4007fcdfe182110
06-08 13:22:52.616 12386 12458 D nativeloader: Load /data/app/~~XbyyAPCK8hZNcKNxP2qLXA==/com.google.android.webview-Q4dyu0L3sOdQJaq7Pp1AMQ==/WebViewGoogle.apk!/lib/arm64-v8a/libwebviewchromium.so using class loader ns clns-10 (caller=/data/app/~~XbyyAPCK8hZNcKNxP2qLXA==/com.google.android.webview-Q4dyu0L3sOdQJaq7Pp1AMQ==/WebViewGoogle.apk): ok
06-08 13:22:52.623 12386 12458 D nativeloader: Load /system/lib64/libwebviewchromium_plat_support.so using class loader ns clns-10 (caller=/data/app/~~XbyyAPCK8hZNcKNxP2qLXA==/com.google.android.webview-Q4dyu0L3sOdQJaq7Pp1AMQ==/WebViewGoogle.apk): ok
06-08 13:22:52.628 12386 12466 I chromium: [0608/132252.626836:INFO:android_webview/browser/variations/variations_seed_loader.cc:67] Failed to open file for reading.: No such file or directory (2)
06-08 13:22:52.628 12386 12466 I chromium: [0608/132252.628587:INFO:android_webview/browser/variations/variations_seed_loader.cc:67] Failed to open file for reading.: No such file or directory (2)
06-08 13:22:52.631   667   746 W ActivityManager: Skipping manifest association check for null package. SourceUid: -1, SourcePkg: null, TargetUid: 10226, TargetPkg: com.alexdiaz.scriptcue
06-08 13:22:52.631   667   698 W ActivityManager: Skipping manifest association check for null package. SourceUid: -1, SourcePkg: null, TargetUid: 10226, TargetPkg: com.alexdiaz.scriptcue
06-08 13:22:52.643 12386 12386 D AudioSystem: onNewServiceWithAdapter: media.audio_flinger service obtained 0xb4007fce1e07d3b0
06-08 13:22:52.644   500 10412 D AudioFlinger: onStateChanged: pid:12386  uid:10226  state:unfrozen - no freeze activity
06-08 13:22:52.645 12386 12386 D AudioSystem: getService: IAudioFlingerService retrieved: 0xb4007fcdfe182840  IAudioFlinger cached: 0xb4007fce1e07d3b0
06-08 13:22:52.648   667  1175 D MediaSessionService: onSessionActiveStateChanged: record=com.alexdiaz.scriptcue/KotlinAudioPlayer/4 (userId=0) active=true
06-08 13:22:52.650  1272  1272 I MediaPlayerList: sendMediaUpdate: Creating a one item queue for a player with no queue
06-08 13:22:52.650  1272  1272 W MediaControlGattService: Feature PLAYER_NAME support: true
06-08 13:22:52.650  1272  1272 W MediaControlGattService: Feature MEDIA_STATE support: true
06-08 13:22:52.650  1272  1272 W MediaControlProfile: MCS service state fields left unhandled: 
06-08 13:22:52.650  1272  1272 W MediaControlProfile:    > PLAYBACK_STATE
06-08 13:22:52.650  1272  1272 W MediaControlProfile:    > OPCODES_SUPPORTED
06-08 13:22:52.651  1272  1272 I PlayerSettingsManager: activePlayerChanged to com.alexdiaz.scriptcue
06-08 13:22:52.653 12386 12386 V Activity: No requestable permission in the request.
06-08 13:22:52.653 12386 12458 I cr_LibraryLoader: Successfully loaded native library
06-08 13:22:52.653 12386 12386 D InsetsController: hide(ime())
06-08 13:22:52.653  1272  1272 I PlayerSettingsManager: updateRemoteDevice: repeat (STATE_REPEAT_OFF -> STATE_REPEAT_OFF), shuffle (STATE_SHUFFLE_OFF -> STATE_SHUFFLE_OFF)
06-08 13:22:52.654  1272  1272 I MediaPlayerList: sendMediaUpdate: Creating a one item queue for a player with no queue
06-08 13:22:52.654 12386 12386 I ImeTracker: com.alexdiaz.scriptcue:f98de632: onCancelled at PHASE_CLIENT_ALREADY_HIDDEN
06-08 13:22:52.656 12386 12458 I cr_CachingUmaRecorder: Flushed 16 samples from 16 histograms, 0 samples were dropped.
06-08 13:22:52.659   667  1175 D MediaSessionService: onSessionPlaybackStateChanged: record=com.alexdiaz.scriptcue/KotlinAudioPlayer/4 (userId=0) playbackState=PlaybackState {state=NONE(0), position=0, buffered position=0, speed=0.0, updated=5437499, actions=2359815, custom actions=[], active item id=-1, error=null}
06-08 13:22:52.708   667  1049 D MediaSessionService: setFgsIfSessionIsLinkedToNotification: record=com.alexdiaz.scriptcue/KotlinAudioPlayer/4 (userId=0)
06-08 13:22:52.709   504   591 W skia    : AGTM parsing failed flags.readFromStream(s) at 159
06-08 13:22:52.709  1272  1272 I PlayerSettingsManager: updateRemoteDevice: repeat (STATE_REPEAT_OFF -> STATE_REPEAT_OFF), shuffle (STATE_SHUFFLE_OFF -> STATE_SHUFFLE_OFF)
06-08 13:22:52.710  1272  1272 W MediaPlayerWrapper: onMetadataChanged(): com.alexdiaz.scriptcue tried to update with no new data
06-08 13:22:52.711  1272  1272 E MediaPlayerWrapper: The callback metadata doesn't match controller metadata
06-08 13:22:52.712 12386 12386 W SoLoader: SoLoader already initialized
06-08 13:22:52.712 12386 12386 W SoLoader: SoLoader already initialized
06-08 13:22:52.713  1272  1272 I MediaPlayerList: sendMediaUpdate: Creating a one item queue for a player with no queue
06-08 13:22:52.714  6663  6751 I FontLog : (REDACTED) Received query %s, URI %s
06-08 13:22:52.715  6663  6751 I FontLog : (REDACTED) Query [%s] resolved to %s
06-08 13:22:52.715 12386 12433 I ReactNativeJS: [_layout] TrackPlayer setup successful
06-08 13:22:52.716  1272  1272 I bluetooth: system/btif/avrcp/avrcp_service.cc:533 SendMediaUpdate: track_changed=true :  play_state=true :  queue=false
06-08 13:22:52.716  1272  1272 W MediaPlayerWrapper: onMetadataChanged(): com.alexdiaz.scriptcue tried to update with no new data
06-08 13:22:52.716 12386 12433 I ReactNativeJS: Permiso de notificaciones concedido.
06-08 13:22:52.717  1272  1272 I MediaPlayerList: sendMediaUpdate: Creating a one item queue for a player with no queue
06-08 13:22:52.717  1272  1272 E MediaControlProfile: onCurrentPlayerStateUpdated: base actions not supported, player actions= 240207, expected at least= 7f
06-08 13:22:52.717  1272  1272 W MediaControlGattService: Feature MEDIA_STATE support: true
06-08 13:22:52.719  1272  1272 W MediaControlGattService: Feature PLAYER_NAME support: true
06-08 13:22:52.719  1272  1272 W MediaControlGattService: Feature PLAYER_ICON_URL support: false
06-08 13:22:52.719  1272  1272 W MediaControlGattService: Feature PLAYER_ICON_OBJ_ID support: false
06-08 13:22:52.719  1272  1272 W MediaControlGattService: Feature CURRENT_TRACK_SEGMENT_OBJ_ID support: false
06-08 13:22:52.719  1272  1272 W MediaControlGattService: Feature CURRENT_TRACK_OBJ_ID support: false
06-08 13:22:52.719  1272  1272 W MediaControlGattService: Feature NEXT_TRACK_OBJ_ID support: false
06-08 13:22:52.721  1272  1272 W MediaControlGattService: Feature CURRENT_GROUP_OBJ_ID support: false
06-08 13:22:52.721  1272  1272 W MediaControlGattService: Feature PARENT_GROUP_OBJ_ID support: false
06-08 13:22:52.721  1272  1272 W MediaControlGattService: Feature SEARCH_RESULT_OBJ_ID support: false
06-08 13:22:52.721  1272  1272 W MediaControlGattService: Feature TRACK_TITLE support: true
06-08 13:22:52.721  1272  1272 W MediaControlGattService: Feature TRACK_DURATION support: true
06-08 13:22:52.721  1272  1272 W MediaControlGattService: Feature TRACK_POSITION support: true
06-08 13:22:52.721  1272  1272 W MediaControlGattService: Feature TRACK_POSITION_NOTIFY support: true
06-08 13:22:52.721  1272  1272 W MediaControlGattService: Feature MEDIA_STATE support: true
06-08 13:22:52.721  1272  1272 W MediaControlGattService: Feature MEDIA_STATE support: true
06-08 13:22:52.721  1272  1272 W MediaControlGattService: Feature PLAYBACK_SPEED support: true
06-08 13:22:52.721  1272  1272 W MediaControlGattService: Feature PLAYBACK_SPEED support: true
06-08 13:22:52.721  1272  1272 W MediaControlGattService: Feature PLAYBACK_SPEED support: true
06-08 13:22:52.721  1272  1272 W MediaControlGattService: Feature SEEKING_SPEED support: true
06-08 13:22:52.721  1272  1272 W MediaControlGattService: Feature SEEKING_SPEED support: true
06-08 13:22:52.721  1272  1272 W MediaControlGattService: Feature SEEKING_SPEED support: true
06-08 13:22:52.721  1272  1272 W MediaControlGattService: Feature PLAYING_ORDER_SUPPORTED support: true
06-08 13:22:52.721  1272  1272 W MediaControlGattService: Feature PLAYING_ORDER support: true
06-08 13:22:52.721  1272  1272 W MediaControlGattService: Feature MEDIA_CONTROL_POINT_OPCODES_SUPPORTED support: true
06-08 13:22:52.721  1272  1272 W MediaControlGattService: Feature TRACK_POSITION support: true
06-08 13:22:52.721  1272  1272 W MediaControlGattService: Feature TRACK_POSITION_NOTIFY support: true
06-08 13:22:52.721  1272  1272 W MediaControlGattService: Feature MEDIA_STATE support: true
06-08 13:22:52.721  1272  1272 W MediaControlGattService: Feature MEDIA_STATE support: true
06-08 13:22:52.721  1272  1272 W MediaControlGattService: Feature PLAYER_NAME support: true
06-08 13:22:52.721  1272  1272 W MediaControlGattService: Feature PLAYER_NAME support: true
06-08 13:22:52.721  1272  1272 W MediaControlGattService: Feature PLAYER_NAME_NOTIFY support: true
06-08 13:22:52.722   449 12471 D android.hardware.audio@7.1-impl.ranchu: 544 frames of silence written
06-08 13:22:52.722  1272  1272 W MediaControlGattService: Feature MEDIA_CONTROL_POINT_OPCODES_SUPPORTED support: true
06-08 13:22:52.722  1272  1272 W MediaControlGattService: Feature PLAYING_ORDER_SUPPORTED support: true
06-08 13:22:52.722  1272  1272 W MediaControlGattService: Feature PLAYING_ORDER support: true
06-08 13:22:52.722  1272  1272 W MediaControlGattService: Feature PLAYER_ICON_OBJ_ID support: false
06-08 13:22:52.722  1272  1272 W MediaControlGattService: Feature PLAYER_ICON_URL support: false
06-08 13:22:52.722  1272  1272 W MediaControlGattService: Feature MEDIA_CONTROL_POINT_OPCODES_SUPPORTED support: true
06-08 13:22:52.722  1272  1272 W MediaControlGattService: Feature TRACK_TITLE support: true
06-08 13:22:52.722  1272  1272 W MediaControlGattService: Feature TRACK_TITLE support: true
06-08 13:22:52.722  1272  1272 W MediaControlGattService: Feature TRACK_TITLE_NOTIFY support: true
06-08 13:22:52.722   449 12471 D android.hardware.audio@7.1-impl.ranchu: 544 frames of silence written
06-08 13:22:52.722  1272  1272 W MediaControlGattService: Feature TRACK_DURATION support: true
06-08 13:22:52.722  1272  1272 W MediaControlGattService: Feature MEDIA_STATE support: true
06-08 13:22:52.722  1272  1272 W MediaControlGattService: Feature TRACK_CHANGED support: true
06-08 13:22:52.722   449 12471 D android.hardware.audio@7.1-impl.ranchu: 544 frames of silence written
06-08 13:22:52.722   449 12471 D android.hardware.audio@7.1-impl.ranchu: 544 frames of silence written
06-08 13:22:52.723  1272  1272 W MediaControlGattService: Feature PLAYING_ORDER_SUPPORTED support: true
06-08 13:22:52.723  1272  1272 W MediaControlGattService: Feature PLAYING_ORDER support: true
06-08 13:22:52.723  1272  1272 W MediaControlGattService: Feature PLAYING_ORDER_NOTIFY support: true
06-08 13:22:52.723  1272  1272 W MediaControlGattService: Feature MEDIA_STATE support: true
06-08 13:22:52.724  1272  1272 I PlayerSettingsManager: updateRemoteDevice: repeat (STATE_REPEAT_OFF -> STATE_REPEAT_OFF), shuffle (STATE_SHUFFLE_OFF -> STATE_SHUFFLE_OFF)
06-08 13:22:52.734   449 12471 D android.hardware.audio@7.1-impl.ranchu: 544 frames of silence written
06-08 13:22:52.734  6663  6751 I FontLog : (REDACTED) Fetch %s end status %s
06-08 13:22:52.741  6663  6751 I FontLog : (REDACTED) Pulling font file for id = %d, cache size = %d
06-08 13:22:52.746   449 12471 D android.hardware.audio@7.1-impl.ranchu: 544 frames of silence written
06-08 13:22:52.748  6663  6751 I FontLog : (REDACTED) Pulling font file for id = %d, cache size = %d
06-08 13:22:52.749   667   667 I NotificationService: Cannot find enqueued record for key: 0|com.alexdiaz.scriptcue|1|null|10226
06-08 13:22:52.755   667  1208 D MediaSessionService: onSessionPlaybackStateChanged: record=com.alexdiaz.scriptcue/KotlinAudioPlayer/4 (userId=0) playbackState=PlaybackState {state=NONE(0), position=0, buffered position=0, speed=0.0, updated=5437596, actions=6553654, custom actions=[], active item id=-1, error=null}
06-08 13:22:52.756  1272  1272 W MediaPlayerWrapper: onPlaybackStateChanged(): com.alexdiaz.scriptcue tried to update with no new data
06-08 13:22:52.756   667  1208 D MediaSessionService: onSessionPlaybackStateChanged: record=com.alexdiaz.scriptcue/KotlinAudioPlayer/4 (userId=0) playbackState=PlaybackState {state=NONE(0), position=0, buffered position=0, speed=0.0, updated=5437597, actions=6553654, custom actions=[], active item id=-1, error=null}
06-08 13:22:52.757  1272  1272 W MediaPlayerWrapper: onPlaybackStateChanged(): com.alexdiaz.scriptcue tried to update with no new data
06-08 13:22:52.757  1272  1272 W MediaPlayerWrapper: onPlaybackStateChanged(): com.alexdiaz.scriptcue tried to update with no new data
06-08 13:22:52.757  1272  1272 W MediaPlayerWrapper: onPlaybackStateChanged(): com.alexdiaz.scriptcue tried to update with no new data
06-08 13:22:52.758   449 12471 D android.hardware.audio@7.1-impl.ranchu: 544 frames of silence written
06-08 13:22:52.768   449 12471 D android.hardware.audio@7.1-impl.ranchu: 544 frames of silence written
06-08 13:22:52.779   449 12471 D android.hardware.audio@7.1-impl.ranchu: 544 frames of silence written
06-08 13:22:52.791   449 12471 D android.hardware.audio@7.1-impl.ranchu: 544 frames of silence written
06-08 13:22:52.802   449 12471 D android.hardware.audio@7.1-impl.ranchu: 544 frames of silence written
06-08 13:22:52.809   504   591 W skia    : AGTM parsing failed flags.readFromStream(s) at 159
06-08 13:22:52.813   449 12471 D android.hardware.audio@7.1-impl.ranchu: 544 frames of silence written
06-08 13:22:52.825   449 12471 D android.hardware.audio@7.1-impl.ranchu: 544 frames of silence written
06-08 13:22:52.837   449 12471 D android.hardware.audio@7.1-impl.ranchu: 544 frames of silence written
06-08 13:22:52.849   449 12471 D android.hardware.audio@7.1-impl.ranchu: 544 frames of silence written
06-08 13:22:52.859   449 12471 D android.hardware.audio@7.1-impl.ranchu: 544 frames of silence written
06-08 13:22:52.872   449 12471 D android.hardware.audio@7.1-impl.ranchu: 544 frames of silence written
06-08 13:22:52.883   449 12471 D android.hardware.audio@7.1-impl.ranchu: 544 frames of silence written
06-08 13:22:52.901   449 12471 D android.hardware.audio@7.1-impl.ranchu: 544 frames of silence written
06-08 13:22:52.922   504   591 W skia    : AGTM parsing failed flags.readFromStream(s) at 159
06-08 13:22:52.922   449 12471 D android.hardware.audio@7.1-impl.ranchu: 544 frames of silence written
06-08 13:22:52.923   449 12471 D android.hardware.audio@7.1-impl.ranchu: 544 frames of silence written
06-08 13:22:52.927   449 12471 D android.hardware.audio@7.1-impl.ranchu: 544 frames of silence written
06-08 13:22:52.940   449 12471 D android.hardware.audio@7.1-impl.ranchu: 544 frames of silence written
06-08 13:22:52.951   449 12471 D android.hardware.audio@7.1-impl.ranchu: 544 frames of silence written
06-08 13:22:52.960   449 12471 D android.hardware.audio@7.1-impl.ranchu: 544 frames of silence written
06-08 13:22:52.973   449 12471 D android.hardware.audio@7.1-impl.ranchu: 544 frames of silence written
06-08 13:22:52.984   449 12471 D android.hardware.audio@7.1-impl.ranchu: 544 frames of silence written
06-08 13:22:52.996   449 12471 D android.hardware.audio@7.1-impl.ranchu: 544 frames of silence written
06-08 13:22:53.007   449 12471 D android.hardware.audio@7.1-impl.ranchu: 544 frames of silence written
06-08 13:22:53.021   449 12471 D android.hardware.audio@7.1-impl.ranchu: 544 frames of silence written
06-08 13:22:53.022   504   591 W skia    : AGTM parsing failed flags.readFromStream(s) at 159
06-08 13:22:53.029   449 12471 D android.hardware.audio@7.1-impl.ranchu: 544 frames of silence written
06-08 13:22:53.040   449 12471 D android.hardware.audio@7.1-impl.ranchu: 544 frames of silence written
06-08 13:22:53.052   449 12471 D android.hardware.audio@7.1-impl.ranchu: 544 frames of silence written
06-08 13:22:53.064   449 12471 D android.hardware.audio@7.1-impl.ranchu: 544 frames of silence written
06-08 13:22:53.073 12386 12433 W ReactNativeJS: '[Layout children]: No route named "scripts/[id]/index" exists in nested children:', [ '+not-found',
06-08 13:22:53.073 12386 12433 W ReactNativeJS:   'auth',
06-08 13:22:53.073 12386 12433 W ReactNativeJS:   'faqs',
06-08 13:22:53.073 12386 12433 W ReactNativeJS:   'import-script',
06-08 13:22:53.073 12386 12433 W ReactNativeJS:   'scan-script',
06-08 13:22:53.073 12386 12433 W ReactNativeJS:   '(tabs)',
06-08 13:22:53.073 12386 12433 W ReactNativeJS:   'auth/callback',
06-08 13:22:53.073 12386 12433 W ReactNativeJS:   'legal/ai-usage',
06-08 13:22:53.073 12386 12433 W ReactNativeJS:   'legal/privacy',
06-08 13:22:53.073 12386 12433 W ReactNativeJS:   'legal/terms',
06-08 13:22:53.073 12386 12433 W ReactNativeJS:   'scripts' ]
06-08 13:22:53.073 12386 12433 W ReactNativeJS: '[Layout children]: No route named "scripts/[id]/record" exists in nested children:', [ '+not-found',
06-08 13:22:53.073 12386 12433 W ReactNativeJS:   'auth',
06-08 13:22:53.073 12386 12433 W ReactNativeJS:   'faqs',
06-08 13:22:53.073 12386 12433 W ReactNativeJS:   'import-script',
06-08 13:22:53.073 12386 12433 W ReactNativeJS:   'scan-script',
06-08 13:22:53.073 12386 12433 W ReactNativeJS:   '(tabs)',
06-08 13:22:53.073 12386 12433 W ReactNativeJS:   'auth/callback',
06-08 13:22:53.073 12386 12433 W ReactNativeJS:   'legal/ai-usage',
06-08 13:22:53.073 12386 12433 W ReactNativeJS:   'legal/privacy',
06-08 13:22:53.073 12386 12433 W ReactNativeJS:   'legal/terms',
06-08 13:22:53.073 12386 12433 W ReactNativeJS:   'scripts' ]
06-08 13:22:53.074 12386 12433 W ReactNativeJS: '[Layout children]: No route named "scripts/[id]/memory" exists in nested children:', [ '+not-found',
06-08 13:22:53.074 12386 12433 W ReactNativeJS:   'auth',
06-08 13:22:53.074 12386 12433 W ReactNativeJS:   'faqs',
06-08 13:22:53.074 12386 12433 W ReactNativeJS:   'import-script',
06-08 13:22:53.074 12386 12433 W ReactNativeJS:   'scan-script',
06-08 13:22:53.074 12386 12433 W ReactNativeJS:   '(tabs)',
06-08 13:22:53.074 12386 12433 W ReactNativeJS:   'auth/callback',
06-08 13:22:53.074 12386 12433 W ReactNativeJS:   'legal/ai-usage',
06-08 13:22:53.074 12386 12433 W ReactNativeJS:   'legal/privacy',
06-08 13:22:53.074 12386 12433 W ReactNativeJS:   'legal/terms',
06-08 13:22:53.074 12386 12433 W ReactNativeJS:   'scripts' ]
06-08 13:22:53.074 12386 12433 W ReactNativeJS: '[Layout children]: No route named "scripts/[id]/studio-v2" exists in nested children:', [ '+not-found',
06-08 13:22:53.074 12386 12433 W ReactNativeJS:   'auth',
06-08 13:22:53.074 12386 12433 W ReactNativeJS:   'faqs',
06-08 13:22:53.074 12386 12433 W ReactNativeJS:   'import-script',
06-08 13:22:53.074 12386 12433 W ReactNativeJS:   'scan-script',
06-08 13:22:53.074 12386 12433 W ReactNativeJS:   '(tabs)',
06-08 13:22:53.074 12386 12433 W ReactNativeJS:   'auth/callback',
06-08 13:22:53.074 12386 12433 W ReactNativeJS:   'legal/ai-usage',
06-08 13:22:53.074 12386 12433 W ReactNativeJS:   'legal/privacy',
06-08 13:22:53.074 12386 12433 W ReactNativeJS:   'legal/terms',
06-08 13:22:53.074 12386 12433 W ReactNativeJS:   'scripts' ]
06-08 13:22:53.074 12386 12433 W ReactNativeJS: '[Layout children]: No route named "scripts/[id]/coach" exists in nested children:', [ '+not-found',
06-08 13:22:53.074 12386 12433 W ReactNativeJS:   'auth',
06-08 13:22:53.074 12386 12433 W ReactNativeJS:   'faqs',
06-08 13:22:53.074 12386 12433 W ReactNativeJS:   'import-script',
06-08 13:22:53.074 12386 12433 W ReactNativeJS:   'scan-script',
06-08 13:22:53.074 12386 12433 W ReactNativeJS:   '(tabs)',
06-08 13:22:53.074 12386 12433 W ReactNativeJS:   'auth/callback',
06-08 13:22:53.074 12386 12433 W ReactNativeJS:   'legal/ai-usage',
06-08 13:22:53.074 12386 12433 W ReactNativeJS:   'legal/privacy',
06-08 13:22:53.074 12386 12433 W ReactNativeJS:   'legal/terms',
06-08 13:22:53.074 12386 12433 W ReactNativeJS:   'scripts' ]
06-08 13:22:53.074 12386 12433 W ReactNativeJS: '[Layout children]: No route named "scripts/[id]/casting" exists in nested children:', [ '+not-found',
06-08 13:22:53.074 12386 12433 W ReactNativeJS:   'auth',
06-08 13:22:53.074 12386 12433 W ReactNativeJS:   'faqs',
06-08 13:22:53.074 12386 12433 W ReactNativeJS:   'import-script',
06-08 13:22:53.074 12386 12433 W ReactNativeJS:   'scan-script',
06-08 13:22:53.074 12386 12433 W ReactNativeJS:   '(tabs)',
06-08 13:22:53.074 12386 12433 W ReactNativeJS:   'auth/callback',
06-08 13:22:53.074 12386 12433 W ReactNativeJS:   'legal/ai-usage',
06-08 13:22:53.074 12386 12433 W ReactNativeJS:   'legal/privacy',
06-08 13:22:53.074 12386 12433 W ReactNativeJS:   'legal/terms',
06-08 13:22:53.074 12386 12433 W ReactNativeJS:   'scripts' ]
06-08 13:22:53.074 12386 12433 W ReactNativeJS: '[Layout children]: No route named "scripts/[id]/car" exists in nested children:', [ '+not-found',
06-08 13:22:53.074 12386 12433 W ReactNativeJS:   'auth',
06-08 13:22:53.074 12386 12433 W ReactNativeJS:   'faqs',
06-08 13:22:53.074 12386 12433 W ReactNativeJS:   'import-script',
06-08 13:22:53.074 12386 12433 W ReactNativeJS:   'scan-script',
06-08 13:22:53.074 12386 12433 W ReactNativeJS:   '(tabs)',
06-08 13:22:53.074 12386 12433 W ReactNativeJS:   'auth/callback',
06-08 13:22:53.074 12386 12433 W ReactNativeJS:   'legal/ai-usage',
06-08 13:22:53.074 12386 12433 W ReactNativeJS:   'legal/privacy',
06-08 13:22:53.074 12386 12433 W ReactNativeJS:   'legal/terms',
06-08 13:22:53.074 12386 12433 W ReactNativeJS:   'scripts' ]
06-08 13:22:53.074 12386 12433 W ReactNativeJS: '[Layout children]: No route named "scripts/[id]/analysis" exists in nested children:', [ '+not-found',
06-08 13:22:53.074 12386 12433 W ReactNativeJS:   'auth',
06-08 13:22:53.074 12386 12433 W ReactNativeJS:   'faqs',
06-08 13:22:53.074 12386 12433 W ReactNativeJS:   'import-script',
06-08 13:22:53.074 12386 12433 W ReactNativeJS:   'scan-script',
06-08 13:22:53.074 12386 12433 W ReactNativeJS:   '(tabs)',
06-08 13:22:53.074 12386 12433 W ReactNativeJS:   'auth/callback',
06-08 13:22:53.074 12386 12433 W ReactNativeJS:   'legal/ai-usage',
06-08 13:22:53.074 12386 12433 W ReactNativeJS:   'legal/privacy',
06-08 13:22:53.074 12386 12433 W ReactNativeJS:   'legal/terms',
06-08 13:22:53.074 12386 12433 W ReactNativeJS:   'scripts' ]
06-08 13:22:53.074   449 12471 D android.hardware.audio@7.1-impl.ranchu: 544 frames of silence written
06-08 13:22:53.074 12386 12433 W ReactNativeJS: '[Layout children]: No route named "scripts/[id]/chubbuck-guide" exists in nested children:', [ '+not-found',
06-08 13:22:53.074 12386 12433 W ReactNativeJS:   'auth',
06-08 13:22:53.074 12386 12433 W ReactNativeJS:   'faqs',
06-08 13:22:53.074 12386 12433 W ReactNativeJS:   'import-script',
06-08 13:22:53.074 12386 12433 W ReactNativeJS:   'scan-script',
06-08 13:22:53.074 12386 12433 W ReactNativeJS:   '(tabs)',
06-08 13:22:53.074 12386 12433 W ReactNativeJS:   'auth/callback',
06-08 13:22:53.074 12386 12433 W ReactNativeJS:   'legal/ai-usage',
06-08 13:22:53.074 12386 12433 W ReactNativeJS:   'legal/privacy',
06-08 13:22:53.074 12386 12433 W ReactNativeJS:   'legal/terms',
06-08 13:22:53.074 12386 12433 W ReactNativeJS:   'scripts' ]
06-08 13:22:53.074 12386 12433 W ReactNativeJS: '[Layout children]: No route named "scripts/[id]/editor" exists in nested children:', [ '+not-found',
06-08 13:22:53.074 12386 12433 W ReactNativeJS:   'auth',
06-08 13:22:53.074 12386 12433 W ReactNativeJS:   'faqs',
06-08 13:22:53.074 12386 12433 W ReactNativeJS:   'import-script',
06-08 13:22:53.074 12386 12433 W ReactNativeJS:   'scan-script',
06-08 13:22:53.074 12386 12433 W ReactNativeJS:   '(tabs)',
06-08 13:22:53.074 12386 12433 W ReactNativeJS:   'auth/callback',
06-08 13:22:53.074 12386 12433 W ReactNativeJS:   'legal/ai-usage',
06-08 13:22:53.074 12386 12433 W ReactNativeJS:   'legal/privacy',
06-08 13:22:53.074 12386 12433 W ReactNativeJS:   'legal/terms',
06-08 13:22:53.074 12386 12433 W ReactNativeJS:   'scripts' ]
06-08 13:22:53.086   449 12471 D android.hardware.audio@7.1-impl.ranchu: 544 frames of silence written
06-08 13:22:53.099   449 12471 D android.hardware.audio@7.1-impl.ranchu: 544 frames of silence written
06-08 13:22:53.107 12386 12433 W ReactNativeJS: '[Layout children]: No route named "scripts/[id]/index" exists in nested children:', [ '+not-found',
06-08 13:22:53.107 12386 12433 W ReactNativeJS:   'auth',
06-08 13:22:53.107 12386 12433 W ReactNativeJS:   'faqs',
06-08 13:22:53.107 12386 12433 W ReactNativeJS:   'import-script',
06-08 13:22:53.107 12386 12433 W ReactNativeJS:   'scan-script',
06-08 13:22:53.107 12386 12433 W ReactNativeJS:   '(tabs)',
06-08 13:22:53.107 12386 12433 W ReactNativeJS:   'auth/callback',
06-08 13:22:53.107 12386 12433 W ReactNativeJS:   'legal/ai-usage',
06-08 13:22:53.107 12386 12433 W ReactNativeJS:   'legal/privacy',
06-08 13:22:53.107 12386 12433 W ReactNativeJS:   'legal/terms',
06-08 13:22:53.107 12386 12433 W ReactNativeJS:   'scripts' ]
06-08 13:22:53.107 12386 12433 W ReactNativeJS: '[Layout children]: No route named "scripts/[id]/record" exists in nested children:', [ '+not-found',
06-08 13:22:53.107 12386 12433 W ReactNativeJS:   'auth',
06-08 13:22:53.107 12386 12433 W ReactNativeJS:   'faqs',
06-08 13:22:53.107 12386 12433 W ReactNativeJS:   'import-script',
06-08 13:22:53.107 12386 12433 W ReactNativeJS:   'scan-script',
06-08 13:22:53.107 12386 12433 W ReactNativeJS:   '(tabs)',
06-08 13:22:53.107 12386 12433 W ReactNativeJS:   'auth/callback',
06-08 13:22:53.107 12386 12433 W ReactNativeJS:   'legal/ai-usage',
06-08 13:22:53.107 12386 12433 W ReactNativeJS:   'legal/privacy',
06-08 13:22:53.107 12386 12433 W ReactNativeJS:   'legal/terms',
06-08 13:22:53.107 12386 12433 W ReactNativeJS:   'scripts' ]
06-08 13:22:53.107 12386 12433 W ReactNativeJS: '[Layout children]: No route named "scripts/[id]/memory" exists in nested children:', [ '+not-found',
06-08 13:22:53.107 12386 12433 W ReactNativeJS:   'auth',
06-08 13:22:53.107 12386 12433 W ReactNativeJS:   'faqs',
06-08 13:22:53.107 12386 12433 W ReactNativeJS:   'import-script',
06-08 13:22:53.107 12386 12433 W ReactNativeJS:   'scan-script',
06-08 13:22:53.107 12386 12433 W ReactNativeJS:   '(tabs)',
06-08 13:22:53.107 12386 12433 W ReactNativeJS:   'auth/callback',
06-08 13:22:53.107 12386 12433 W ReactNativeJS:   'legal/ai-usage',
06-08 13:22:53.107 12386 12433 W ReactNativeJS:   'legal/privacy',
06-08 13:22:53.107 12386 12433 W ReactNativeJS:   'legal/terms',
06-08 13:22:53.107 12386 12433 W ReactNativeJS:   'scripts' ]
06-08 13:22:53.107 12386 12433 W ReactNativeJS: '[Layout children]: No route named "scripts/[id]/studio-v2" exists in nested children:', [ '+not-found',
06-08 13:22:53.107 12386 12433 W ReactNativeJS:   'auth',
06-08 13:22:53.107 12386 12433 W ReactNativeJS:   'faqs',
06-08 13:22:53.107 12386 12433 W ReactNativeJS:   'import-script',
06-08 13:22:53.107 12386 12433 W ReactNativeJS:   'scan-script',
06-08 13:22:53.107 12386 12433 W ReactNativeJS:   '(tabs)',
06-08 13:22:53.107 12386 12433 W ReactNativeJS:   'auth/callback',
06-08 13:22:53.107 12386 12433 W ReactNativeJS:   'legal/ai-usage',
06-08 13:22:53.107 12386 12433 W ReactNativeJS:   'legal/privacy',
06-08 13:22:53.107 12386 12433 W ReactNativeJS:   'legal/terms',
06-08 13:22:53.107 12386 12433 W ReactNativeJS:   'scripts' ]
06-08 13:22:53.107 12386 12433 W ReactNativeJS: '[Layout children]: No route named "scripts/[id]/coach" exists in nested children:', [ '+not-found',
06-08 13:22:53.107 12386 12433 W ReactNativeJS:   'auth',
06-08 13:22:53.107 12386 12433 W ReactNativeJS:   'faqs',
06-08 13:22:53.107 12386 12433 W ReactNativeJS:   'import-script',
06-08 13:22:53.107 12386 12433 W ReactNativeJS:   'scan-script',
06-08 13:22:53.107 12386 12433 W ReactNativeJS:   '(tabs)',
06-08 13:22:53.107 12386 12433 W ReactNativeJS:   'auth/callback',
06-08 13:22:53.107 12386 12433 W ReactNativeJS:   'legal/ai-usage',
06-08 13:22:53.107 12386 12433 W ReactNativeJS:   'legal/privacy',
06-08 13:22:53.107 12386 12433 W ReactNativeJS:   'legal/terms',
06-08 13:22:53.107 12386 12433 W ReactNativeJS:   'scripts' ]
06-08 13:22:53.107 12386 12433 W ReactNativeJS: '[Layout children]: No route named "scripts/[id]/casting" exists in nested children:', [ '+not-found',
06-08 13:22:53.107 12386 12433 W ReactNativeJS:   'auth',
06-08 13:22:53.107 12386 12433 W ReactNativeJS:   'faqs',
06-08 13:22:53.107 12386 12433 W ReactNativeJS:   'import-script',
06-08 13:22:53.107 12386 12433 W ReactNativeJS:   'scan-script',
06-08 13:22:53.107 12386 12433 W ReactNativeJS:   '(tabs)',
06-08 13:22:53.107 12386 12433 W ReactNativeJS:   'auth/callback',
06-08 13:22:53.107 12386 12433 W ReactNativeJS:   'legal/ai-usage',
06-08 13:22:53.107 12386 12433 W ReactNativeJS:   'legal/privacy',
06-08 13:22:53.107 12386 12433 W ReactNativeJS:   'legal/terms',
06-08 13:22:53.107 12386 12433 W ReactNativeJS:   'scripts' ]
06-08 13:22:53.107 12386 12433 W ReactNativeJS: '[Layout children]: No route named "scripts/[id]/car" exists in nested children:', [ '+not-found',
06-08 13:22:53.107 12386 12433 W ReactNativeJS:   'auth',
06-08 13:22:53.107 12386 12433 W ReactNativeJS:   'faqs',
06-08 13:22:53.107 12386 12433 W ReactNativeJS:   'import-script',
06-08 13:22:53.107 12386 12433 W ReactNativeJS:   'scan-script',
06-08 13:22:53.107 12386 12433 W ReactNativeJS:   '(tabs)',
06-08 13:22:53.107 12386 12433 W ReactNativeJS:   'auth/callback',
06-08 13:22:53.107 12386 12433 W ReactNativeJS:   'legal/ai-usage',
06-08 13:22:53.107 12386 12433 W ReactNativeJS:   'legal/privacy',
06-08 13:22:53.107 12386 12433 W ReactNativeJS:   'legal/terms',
06-08 13:22:53.107 12386 12433 W ReactNativeJS:   'scripts' ]
06-08 13:22:53.108 12386 12433 W ReactNativeJS: '[Layout children]: No route named "scripts/[id]/analysis" exists in nested children:', [ '+not-found',
06-08 13:22:53.108 12386 12433 W ReactNativeJS:   'auth',
06-08 13:22:53.108 12386 12433 W ReactNativeJS:   'faqs',
06-08 13:22:53.108 12386 12433 W ReactNativeJS:   'import-script',
06-08 13:22:53.108 12386 12433 W ReactNativeJS:   'scan-script',
06-08 13:22:53.108 12386 12433 W ReactNativeJS:   '(tabs)',
06-08 13:22:53.108 12386 12433 W ReactNativeJS:   'auth/callback',
06-08 13:22:53.108 12386 12433 W ReactNativeJS:   'legal/ai-usage',
06-08 13:22:53.108 12386 12433 W ReactNativeJS:   'legal/privacy',
06-08 13:22:53.108 12386 12433 W ReactNativeJS:   'legal/terms',
06-08 13:22:53.108 12386 12433 W ReactNativeJS:   'scripts' ]
06-08 13:22:53.108 12386 12433 W ReactNativeJS: '[Layout children]: No route named "scripts/[id]/chubbuck-guide" exists in nested children:', [ '+not-found',
06-08 13:22:53.108 12386 12433 W ReactNativeJS:   'auth',
06-08 13:22:53.108 12386 12433 W ReactNativeJS:   'faqs',
06-08 13:22:53.108 12386 12433 W ReactNativeJS:   'import-script',
06-08 13:22:53.108 12386 12433 W ReactNativeJS:   'scan-script',
06-08 13:22:53.108 12386 12433 W ReactNativeJS:   '(tabs)',
06-08 13:22:53.108 12386 12433 W ReactNativeJS:   'auth/callback',
06-08 13:22:53.108 12386 12433 W ReactNativeJS:   'legal/ai-usage',
06-08 13:22:53.108 12386 12433 W ReactNativeJS:   'legal/privacy',
06-08 13:22:53.108 12386 12433 W ReactNativeJS:   'legal/terms',
06-08 13:22:53.108 12386 12433 W ReactNativeJS:   'scripts' ]
06-08 13:22:53.108 12386 12433 W ReactNativeJS: '[Layout children]: No route named "scripts/[id]/editor" exists in nested children:', [ '+not-found',
06-08 13:22:53.108 12386 12433 W ReactNativeJS:   'auth',
06-08 13:22:53.108 12386 12433 W ReactNativeJS:   'faqs',
06-08 13:22:53.108 12386 12433 W ReactNativeJS:   'import-script',
06-08 13:22:53.108 12386 12433 W ReactNativeJS:   'scan-script',
06-08 13:22:53.108 12386 12433 W ReactNativeJS:   '(tabs)',
06-08 13:22:53.108 12386 12433 W ReactNativeJS:   'auth/callback',
06-08 13:22:53.108 12386 12433 W ReactNativeJS:   'legal/ai-usage',
06-08 13:22:53.108 12386 12433 W ReactNativeJS:   'legal/privacy',
06-08 13:22:53.108 12386 12433 W ReactNativeJS:   'legal/terms',
06-08 13:22:53.108 12386 12433 W ReactNativeJS:   'scripts' ]
06-08 13:22:53.108   449 12471 D android.hardware.audio@7.1-impl.ranchu: 544 frames of silence written
06-08 13:22:53.119   449 12471 D android.hardware.audio@7.1-impl.ranchu: 544 frames of silence written
06-08 13:22:53.123   504   591 W skia    : AGTM parsing failed flags.readFromStream(s) at 159
06-08 13:22:53.131   449 12471 D android.hardware.audio@7.1-impl.ranchu: 544 frames of silence written
06-08 13:22:53.144   449 12471 D android.hardware.audio@7.1-impl.ranchu: 544 frames of silence written
06-08 13:22:53.155   449 12471 D android.hardware.audio@7.1-impl.ranchu: 544 frames of silence written
06-08 13:22:53.167   449 12471 D android.hardware.audio@7.1-impl.ranchu: 544 frames of silence written
06-08 13:22:53.177   449 12471 D android.hardware.audio@7.1-impl.ranchu: 544 frames of silence written
06-08 13:22:53.188   449 12471 D android.hardware.audio@7.1-impl.ranchu: 544 frames of silence written
06-08 13:22:53.201   449 12471 D android.hardware.audio@7.1-impl.ranchu: 544 frames of silence written
06-08 13:22:53.211   449 12471 D android.hardware.audio@7.1-impl.ranchu: 544 frames of silence written
06-08 13:22:53.222   449 12471 D android.hardware.audio@7.1-impl.ranchu: 544 frames of silence written
06-08 13:22:53.233   449 12471 D android.hardware.audio@7.1-impl.ranchu: 544 frames of silence written
06-08 13:22:53.246   449 12471 D android.hardware.audio@7.1-impl.ranchu: 544 frames of silence written
06-08 13:22:53.257   449 12471 D android.hardware.audio@7.1-impl.ranchu: 544 frames of silence written
06-08 13:22:53.267   449 12471 D android.hardware.audio@7.1-impl.ranchu: 544 frames of silence written
06-08 13:22:53.281   449 12471 D android.hardware.audio@7.1-impl.ranchu: 544 frames of silence written
06-08 13:22:53.292   449 12471 D android.hardware.audio@7.1-impl.ranchu: 544 frames of silence written
06-08 13:22:53.302   449 12471 D android.hardware.audio@7.1-impl.ranchu: 544 frames of silence written
06-08 13:22:53.313   449 12471 D android.hardware.audio@7.1-impl.ranchu: 544 frames of silence written
06-08 13:22:53.324   449 12471 D android.hardware.audio@7.1-impl.ranchu: 544 frames of silence written
06-08 13:22:53.336   449 12471 D android.hardware.audio@7.1-impl.ranchu: 544 frames of silence written
06-08 13:22:53.347   449 12471 D android.hardware.audio@7.1-impl.ranchu: 544 frames of silence written
06-08 13:22:53.357   449 12471 D android.hardware.audio@7.1-impl.ranchu: 544 frames of silence written
06-08 13:22:53.370   449 12471 D android.hardware.audio@7.1-impl.ranchu: 544 frames of silence written
06-08 13:22:53.381   449 12471 D android.hardware.audio@7.1-impl.ranchu: 544 frames of silence written
06-08 13:22:53.392   449 12471 D android.hardware.audio@7.1-impl.ranchu: 544 frames of silence written
06-08 13:22:53.404   449 12471 D android.hardware.audio@7.1-impl.ranchu: 544 frames of silence written
06-08 13:22:53.416   449 12471 D android.hardware.audio@7.1-impl.ranchu: 544 frames of silence written
06-08 13:22:53.426   449 12471 D android.hardware.audio@7.1-impl.ranchu: 544 frames of silence written
06-08 13:22:53.438   449 12471 D android.hardware.audio@7.1-impl.ranchu: 544 frames of silence written
06-08 13:22:53.450   449 12471 D android.hardware.audio@7.1-impl.ranchu: 544 frames of silence written
06-08 13:22:53.460   449 12471 D android.hardware.audio@7.1-impl.ranchu: 544 frames of silence written
06-08 13:22:53.471   449 12471 D android.hardware.audio@7.1-impl.ranchu: 544 frames of silence written
06-08 13:22:53.483   449 12471 D android.hardware.audio@7.1-impl.ranchu: 544 frames of silence written
06-08 13:22:53.495   449 12471 D android.hardware.audio@7.1-impl.ranchu: 544 frames of silence written
06-08 13:22:53.506   449 12471 D android.hardware.audio@7.1-impl.ranchu: 544 frames of silence written
06-08 13:22:53.516   449 12471 D android.hardware.audio@7.1-impl.ranchu: 544 frames of silence written
06-08 13:22:53.528   449 12471 D android.hardware.audio@7.1-impl.ranchu: 544 frames of silence written
06-08 13:22:53.539   449 12471 D android.hardware.audio@7.1-impl.ranchu: 544 frames of silence written
06-08 13:22:53.551   449 12471 D android.hardware.audio@7.1-impl.ranchu: 544 frames of silence written
06-08 13:22:53.567   449 12471 D android.hardware.audio@7.1-impl.ranchu: 544 frames of silence written
06-08 13:22:53.573   449 12471 D android.hardware.audio@7.1-impl.ranchu: 544 frames of silence written
06-08 13:22:53.584   449 12471 D android.hardware.audio@7.1-impl.ranchu: 544 frames of silence written
06-08 13:22:53.595   449 12471 D android.hardware.audio@7.1-impl.ranchu: 544 frames of silence written
06-08 13:22:53.607   449 12471 D android.hardware.audio@7.1-impl.ranchu: 544 frames of silence written
06-08 13:22:53.618   449 12471 D android.hardware.audio@7.1-impl.ranchu: 544 frames of silence written
06-08 13:22:53.631   449 12471 D android.hardware.audio@7.1-impl.ranchu: 544 frames of silence written
06-08 13:22:53.638   504   591 W skia    : AGTM parsing failed flags.readFromStream(s) at 159
06-08 13:22:53.641   449 12471 D android.hardware.audio@7.1-impl.ranchu: 544 frames of silence written
06-08 13:22:53.654   449 12471 D android.hardware.audio@7.1-impl.ranchu: 544 frames of silence written
06-08 13:22:53.664   449 12471 D android.hardware.audio@7.1-impl.ranchu: 544 frames of silence written
06-08 13:22:53.675   449 12471 D android.hardware.audio@7.1-impl.ranchu: 544 frames of silence written
06-08 13:22:53.687   449 12471 D android.hardware.audio@7.1-impl.ranchu: 544 frames of silence written
06-08 13:22:53.698   449 12471 D android.hardware.audio@7.1-impl.ranchu: 544 frames of silence written
06-08 13:22:53.711   449 12471 D android.hardware.audio@7.1-impl.ranchu: 544 frames of silence written
06-08 13:22:53.720   449 12471 D android.hardware.audio@7.1-impl.ranchu: 544 frames of silence written
06-08 13:22:53.731   449 12471 D android.hardware.audio@7.1-impl.ranchu: 544 frames of silence written
06-08 13:22:53.739   504   591 W skia    : AGTM parsing failed flags.readFromStream(s) at 159
06-08 13:22:53.743   449 12471 D android.hardware.audio@7.1-impl.ranchu: 544 frames of silence written
06-08 13:22:53.754   449 12471 D android.hardware.audio@7.1-impl.ranchu: 544 frames of silence written
06-08 13:22:53.765   449 12471 D android.hardware.audio@7.1-impl.ranchu: 544 frames of silence written
06-08 13:22:53.778   449 12471 D android.hardware.audio@7.1-impl.ranchu: 544 frames of silence written
06-08 13:22:53.789   449 12471 D android.hardware.audio@7.1-impl.ranchu: 544 frames of silence written
06-08 13:22:53.799   449 12471 D android.hardware.audio@7.1-impl.ranchu: 544 frames of silence written
06-08 13:22:53.811   449 12471 D android.hardware.audio@7.1-impl.ranchu: 544 frames of silence written
06-08 13:22:53.822   449 12471 D android.hardware.audio@7.1-impl.ranchu: 544 frames of silence written
06-08 13:22:53.834   449 12471 D android.hardware.audio@7.1-impl.ranchu: 544 frames of silence written
06-08 13:22:53.840   504   591 W skia    : AGTM parsing failed flags.readFromStream(s) at 159
06-08 13:22:53.844   449 12471 D android.hardware.audio@7.1-impl.ranchu: 544 frames of silence written
06-08 13:22:53.857   449 12471 D android.hardware.audio@7.1-impl.ranchu: 544 frames of silence written
06-08 13:22:53.867   449 12471 D android.hardware.audio@7.1-impl.ranchu: 544 frames of silence written
06-08 13:22:53.878   449 12471 D android.hardware.audio@7.1-impl.ranchu: 544 frames of silence written
06-08 13:22:53.891   449 12471 D android.hardware.audio@7.1-impl.ranchu: 544 frames of silence written
06-08 13:22:53.902   449 12471 D android.hardware.audio@7.1-impl.ranchu: 544 frames of silence written
06-08 13:22:53.914   449 12471 D android.hardware.audio@7.1-impl.ranchu: 544 frames of silence written
06-08 13:22:53.925   449 12471 D android.hardware.audio@7.1-impl.ranchu: 544 frames of silence written
06-08 13:22:53.936   449 12471 D android.hardware.audio@7.1-impl.ranchu: 544 frames of silence written
06-08 13:22:53.940   504   591 W skia    : AGTM parsing failed flags.readFromStream(s) at 159
06-08 13:22:53.947   449 12471 D android.hardware.audio@7.1-impl.ranchu: 544 frames of silence written
06-08 13:22:53.958   449 12471 D android.hardware.audio@7.1-impl.ranchu: 544 frames of silence written
06-08 13:22:53.970   449 12471 D android.hardware.audio@7.1-impl.ranchu: 544 frames of silence written
06-08 13:22:53.981   449 12471 D android.hardware.audio@7.1-impl.ranchu: 544 frames of silence written
06-08 13:22:53.993   449 12471 D android.hardware.audio@7.1-impl.ranchu: 544 frames of silence written
06-08 13:22:54.003   449 12471 D android.hardware.audio@7.1-impl.ranchu: 544 frames of silence written
06-08 13:22:54.006   667  1007 I HalDevMgr: bestIfaceCreationProposal is null, requestIface=STA, existingIface=[name=wlan0 type=STA]
06-08 13:22:54.016   449 12471 D android.hardware.audio@7.1-impl.ranchu: 544 frames of silence written
06-08 13:22:54.027   449 12471 D android.hardware.audio@7.1-impl.ranchu: 544 frames of silence written
06-08 13:22:54.038   449 12471 D android.hardware.audio@7.1-impl.ranchu: 544 frames of silence written
06-08 13:22:54.040   504   591 W skia    : AGTM parsing failed flags.readFromStream(s) at 159
06-08 13:22:54.050   449 12471 D android.hardware.audio@7.1-impl.ranchu: 544 frames of silence written
06-08 13:22:54.060   449 12471 D android.hardware.audio@7.1-impl.ranchu: 544 frames of silence written
06-08 13:22:54.072   449 12471 D android.hardware.audio@7.1-impl.ranchu: 544 frames of silence written
06-08 13:22:54.083   449 12471 D android.hardware.audio@7.1-impl.ranchu: 544 frames of silence written
06-08 13:22:54.094   449 12471 D android.hardware.audio@7.1-impl.ranchu: 544 frames of silence written
06-08 13:22:54.106   449 12471 D android.hardware.audio@7.1-impl.ranchu: 544 frames of silence written
06-08 13:22:54.117   449 12471 D android.hardware.audio@7.1-impl.ranchu: 544 frames of silence written
06-08 13:22:54.128   449 12471 D android.hardware.audio@7.1-impl.ranchu: 544 frames of silence written
06-08 13:22:54.140   449 12471 D android.hardware.audio@7.1-impl.ranchu: 544 frames of silence written
06-08 13:22:54.141   504   591 W skia    : AGTM parsing failed flags.readFromStream(s) at 159
06-08 13:22:54.151   449 12471 D android.hardware.audio@7.1-impl.ranchu: 544 frames of silence written
06-08 13:22:54.163   449 12471 D android.hardware.audio@7.1-impl.ranchu: 544 frames of silence written
06-08 13:22:54.175   449 12471 D android.hardware.audio@7.1-impl.ranchu: 544 frames of silence written
06-08 13:22:54.185   449 12471 D android.hardware.audio@7.1-impl.ranchu: 544 frames of silence written
06-08 13:22:54.198   449 12471 D android.hardware.audio@7.1-impl.ranchu: 544 frames of silence written
06-08 13:22:54.210   449 12471 D android.hardware.audio@7.1-impl.ranchu: 544 frames of silence written
06-08 13:22:54.221   449 12471 D android.hardware.audio@7.1-impl.ranchu: 544 frames of silence written
06-08 13:22:54.233   449 12471 D android.hardware.audio@7.1-impl.ranchu: 544 frames of silence written
06-08 13:22:54.243   449 12471 D android.hardware.audio@7.1-impl.ranchu: 544 frames of silence written
06-08 13:22:54.253   449 12471 D android.hardware.audio@7.1-impl.ranchu: 544 frames of silence written
06-08 13:22:54.265   449 12471 D android.hardware.audio@7.1-impl.ranchu: 544 frames of silence written
06-08 13:22:54.278   449 12471 D android.hardware.audio@7.1-impl.ranchu: 544 frames of silence written
06-08 13:22:54.289   449 12471 D android.hardware.audio@7.1-impl.ranchu: 544 frames of silence written
06-08 13:22:54.301   449 12471 D android.hardware.audio@7.1-impl.ranchu: 544 frames of silence written
06-08 13:22:54.310   449 12471 D android.hardware.audio@7.1-impl.ranchu: 544 frames of silence written
06-08 13:22:54.322   449 12471 D android.hardware.audio@7.1-impl.ranchu: 544 frames of silence written
06-08 13:22:54.333   449 12471 D android.hardware.audio@7.1-impl.ranchu: 544 frames of silence written
06-08 13:22:54.344   449 12471 D android.hardware.audio@7.1-impl.ranchu: 544 frames of silence written
06-08 13:22:54.355   449 12471 D android.hardware.audio@7.1-impl.ranchu: 544 frames of silence written
06-08 13:22:54.366   449 12471 D android.hardware.audio@7.1-impl.ranchu: 544 frames of silence written
06-08 13:22:54.378   449 12471 D android.hardware.audio@7.1-impl.ranchu: 544 frames of silence written
06-08 13:22:54.389   449 12471 D android.hardware.audio@7.1-impl.ranchu: 544 frames of silence written
06-08 13:22:54.400   449 12471 D android.hardware.audio@7.1-impl.ranchu: 544 frames of silence written
06-08 13:22:54.414   449 12471 D android.hardware.audio@7.1-impl.ranchu: 544 frames of silence written
06-08 13:22:54.425   449 12471 D android.hardware.audio@7.1-impl.ranchu: 544 frames of silence written
06-08 13:22:54.437   449 12471 D android.hardware.audio@7.1-impl.ranchu: 544 frames of silence written
06-08 13:22:54.448   449 12471 D android.hardware.audio@7.1-impl.ranchu: 544 frames of silence written
06-08 13:22:54.457   449 12471 D android.hardware.audio@7.1-impl.ranchu: 544 frames of silence written
06-08 13:22:54.468   449 12471 D android.hardware.audio@7.1-impl.ranchu: 544 frames of silence written
06-08 13:22:54.482   449 12471 D android.hardware.audio@7.1-impl.ranchu: 544 frames of silence written
06-08 13:22:54.494   449 12471 D android.hardware.audio@7.1-impl.ranchu: 544 frames of silence written
06-08 13:22:54.504   449 12471 D android.hardware.audio@7.1-impl.ranchu: 544 frames of silence written
06-08 13:22:54.514   449 12471 D android.hardware.audio@7.1-impl.ranchu: 544 frames of silence written
06-08 13:22:54.526   449 12471 D android.hardware.audio@7.1-impl.ranchu: 544 frames of silence written
06-08 13:22:54.539   449 12471 D android.hardware.audio@7.1-impl.ranchu: 544 frames of silence written
06-08 13:22:54.549   449 12471 D android.hardware.audio@7.1-impl.ranchu: 544 frames of silence written
06-08 13:22:54.562   449 12471 D android.hardware.audio@7.1-impl.ranchu: 544 frames of silence written
06-08 13:22:54.572   449 12471 D android.hardware.audio@7.1-impl.ranchu: 544 frames of silence written
06-08 13:22:54.582   449 12471 D android.hardware.audio@7.1-impl.ranchu: 544 frames of silence written
06-08 13:22:54.593   449 12471 D android.hardware.audio@7.1-impl.ranchu: 544 frames of silence written
06-08 13:22:54.606   449 12471 D android.hardware.audio@7.1-impl.ranchu: 544 frames of silence written
06-08 13:22:54.618   449 12471 D android.hardware.audio@7.1-impl.ranchu: 544 frames of silence written
06-08 13:22:54.628   449 12471 D android.hardware.audio@7.1-impl.ranchu: 544 frames of silence written
06-08 13:22:54.639   449 12471 D android.hardware.audio@7.1-impl.ranchu: 544 frames of silence written
06-08 13:22:54.652   449 12471 D android.hardware.audio@7.1-impl.ranchu: 544 frames of silence written
06-08 13:22:54.662   449 12471 D android.hardware.audio@7.1-impl.ranchu: 544 frames of silence written
06-08 13:22:54.674   449 12471 D android.hardware.audio@7.1-impl.ranchu: 544 frames of silence written
06-08 13:22:54.685   449 12471 D android.hardware.audio@7.1-impl.ranchu: 544 frames of silence written
06-08 13:22:54.697   449 12471 D android.hardware.audio@7.1-impl.ranchu: 544 frames of silence written
06-08 13:22:54.707   449 12471 D android.hardware.audio@7.1-impl.ranchu: 544 frames of silence written
06-08 13:22:54.718   449 12471 D android.hardware.audio@7.1-impl.ranchu: 544 frames of silence written
06-08 13:22:54.730   449 12471 D android.hardware.audio@7.1-impl.ranchu: 544 frames of silence written
06-08 13:22:54.741   449 12471 D android.hardware.audio@7.1-impl.ranchu: 544 frames of silence written
06-08 13:22:54.752   449 12471 D android.hardware.audio@7.1-impl.ranchu: 544 frames of silence written
06-08 13:22:54.765   449 12471 D android.hardware.audio@7.1-impl.ranchu: 544 frames of silence written
06-08 13:22:54.775   449 12471 D android.hardware.audio@7.1-impl.ranchu: 544 frames of silence written
06-08 13:22:54.787   449 12471 D android.hardware.audio@7.1-impl.ranchu: 544 frames of silence written
06-08 13:22:54.799   449 12471 D android.hardware.audio@7.1-impl.ranchu: 544 frames of silence written
06-08 13:22:54.809   449 12471 D android.hardware.audio@7.1-impl.ranchu: 544 frames of silence written
06-08 13:22:54.820   449 12471 D android.hardware.audio@7.1-impl.ranchu: 544 frames of silence written
06-08 13:22:54.832   449 12471 D android.hardware.audio@7.1-impl.ranchu: 544 frames of silence written
06-08 13:22:54.843   449 12471 D android.hardware.audio@7.1-impl.ranchu: 544 frames of silence written
06-08 13:22:54.854   449 12471 D android.hardware.audio@7.1-impl.ranchu: 544 frames of silence written
06-08 13:22:54.865   449 12471 D android.hardware.audio@7.1-impl.ranchu: 544 frames of silence written
06-08 13:22:54.877   449 12471 D android.hardware.audio@7.1-impl.ranchu: 544 frames of silence written
06-08 13:22:54.888   449 12471 D android.hardware.audio@7.1-impl.ranchu: 544 frames of silence written
06-08 13:22:54.900   449 12471 D android.hardware.audio@7.1-impl.ranchu: 544 frames of silence written
06-08 13:22:54.911   449 12471 D android.hardware.audio@7.1-impl.ranchu: 544 frames of silence written
06-08 13:22:54.921  1730  1730 I adbd    : adbd service requested 'shell,v2:export ANDROID_LOG_TAGS=''; exec logcat '-d''
06-08 13:22:54.922   449 12471 D android.hardware.audio@7.1-impl.ranchu: 544 frames of silence written
06-08 13:22:54.932   449 12471 D android.hardware.audio@7.1-impl.ranchu: 544 frames of silence written
06-08 13:22:54.945   449 12471 D android.hardware.audio@7.1-impl.ranchu: 544 frames of silence written
